open,high,low,close,volume,thscode,time,thsname_cn,thsname_en,currency
3851.4053,3861.3815,3817.8365,3850.4996,124150770.0,000300.SH,2023-05-25,,,CNY
3848.4174,3859.6291,3815.5701,3850.9511,100326439.0,000300.SH,2023-05-26,,,CNY
3862.0838,3866.7238,3819.1822,3833.9416,131859967.0,000300.SH,2023-05-29,,,CNY
3827.7924,3844.0052,3789.2736,3837.7531,137619629.0,000300.SH,2023-05-30,,,CNY
3827.1634,3827.1634,3781.4034,3798.5434,126387368.0,000300.SH,2023-05-31,,,CNY
3788.5902,3832.2051,3786.7344,3806.8679,134561881.0,000300.SH,2023-06-01,,,CNY
3821.6198,3865.2843,3821.6198,3861.8337,125015110.0,000300.SH,2023-06-02,,,CNY
3860.5557,3860.5557,3832.4578,3844.2492,116163989.0,000300.SH,2023-06-05,,,CNY
3840.4587,3867.8452,3802.8449,3808.1629,125781258.0,000300.SH,2023-06-06,,,CNY
3815.4823,3823.1124,3780.1021,3789.3418,98862432.0,000300.SH,2023-06-07,,,CNY
3791.0826,3834.3888,3777.7752,3820.1867,118700934.0,000300.SH,2023-06-08,,,CNY
3822.4088,3836.7026,3811.2189,3836.7026,134319863.0,000300.SH,2023-06-09,,,CNY
3827.3253,3859.7156,3813.8577,3844.4324,126758543.0,000300.SH,2023-06-12,,,CNY
3838.1287,3867.3034,3833.4598,3864.9074,110924946.0,000300.SH,2023-06-13,,,CNY
3872.7155,3891.6656,3862.0609,3864.0247,124955759.0,000300.SH,2023-06-14,,,CNY
3871.7746,3925.4994,3871.7746,3925.4994,128369938.0,000300.SH,2023-06-15,,,CNY
3932.2114,3968.0128,3928.5419,3963.3509,139760076.0,000300.SH,2023-06-16,,,CNY
3957.0327,3957.0327,3922.4742,3930.9079,134905848.0,000300.SH,2023-06-19,,,CNY
3926.094,3937.4945,3918.473,3924.2377,122520318.0,000300.SH,2023-06-20,,,CNY
3909.1044,3920.1276,3864.0323,3864.0323,118346575.0,000300.SH,2023-06-21,,,CNY
3833.4436,3841.2862,3801.0537,3809.6962,133990419.0,000300.SH,2023-06-26,,,CNY
3811.6872,3851.8957,3806.3242,3845.4334,116992681.0,000300.SH,2023-06-27,,,CNY
3836.6086,3846.8516,3808.1607,3840.7986,107021541.0,000300.SH,2023-06-28,,,CNY
3836.7305,3840.7132,3817.3759,3821.8435,98289274.0,000300.SH,2023-06-29,,,CNY
3816.3345,3860.0311,3813.552,3842.4516,101268429.0,000300.SH,2023-06-30,,,CNY
3853.2919,3897.3273,3853.2919,3892.8821,133158051.0,000300.SH,2023-07-03,,,CNY
3888.0328,3899.9755,3878.3978,3899.0133,109494527.0,000300.SH,2023-07-04,,,CNY
3895.1945,3899.5188,3864.1301,3868.8054,97636384.0,000300.SH,2023-07-05,,,CNY
3857.0304,3876.8901,3836.4573,3842.7547,100121842.0,000300.SH,2023-07-06,,,CNY
3831.5955,3844.8438,3819.0772,3825.6988,100906920.0,000300.SH,2023-07-07,,,CNY
3841.5591,3865.4566,3831.92,3844.3269,92033441.0,000300.SH,2023-07-10,,,CNY
3853.7955,3870.6549,3844.5244,3869.4861,86510716.0,000300.SH,2023-07-11,,,CNY
3864.6013,3874.0403,3838.5632,3843.4369,111522024.0,000300.SH,2023-07-12,,,CNY
3855.662,3901.1023,3855.662,3898.4229,120300232.0,000300.SH,2023-07-13,,,CNY
3904.6033,3908.4871,3893.7862,3899.1027,122364846.0,000300.SH,2023-07-14,,,CNY
3881.6225,3881.6225,3852.2626,3867.1749,98340144.0,000300.SH,2023-07-17,,,CNY
3871.0444,3871.0444,3844.5129,3854.9393,91438615.0,000300.SH,2023-07-18,,,CNY
3848.4826,3860.0092,3830.4073,3850.8663,79585700.0,000300.SH,2023-07-19,,,CNY
3857.7725,3875.6241,3818.7134,3823.6946,92042076.0,000300.SH,2023-07-20,,,CNY
3816.9835,3849.5109,3808.803,3821.91,79507563.0,000300.SH,2023-07-21,,,CNY
3803.3492,3828.7853,3798.8048,3805.221,75483545.0,000300.SH,2023-07-24,,,CNY
3866.6445,3915.8148,3866.6445,3915.1153,163066320.0,000300.SH,2023-07-25,,,CNY
3908.174,3912.9834,3893.3987,3907.0128,107881717.0,000300.SH,2023-07-26,,,CNY
3914.2298,3935.3578,3894.6923,3902.3458,110667109.0,000300.SH,2023-07-27,,,CNY
3889.7929,4000.919,3886.5535,3992.7376,179735481.0,000300.SH,2023-07-28,,,CNY
4018.8895,4064.3621,4002.0784,4014.6301,199606830.0,000300.SH,2023-07-31,,,CNY
4009.1831,4031.7008,3983.0273,3998.001,142286859.0,000300.SH,2023-08-01,,,CNY
3985.6951,4008.3343,3958.5127,3969.895,125855690.0,000300.SH,2023-08-02,,,CNY
3962.1296,4004.9996,3962.1296,4004.9839,129006640.0,000300.SH,2023-08-03,,,CNY
4033.7239,4058.2431,4011.6202,4020.5792,178267189.0,000300.SH,2023-08-04,,,CNY
4002.9677,4002.9677,3977.0173,3990.1531,121310662.0,000300.SH,2023-08-07,,,CNY
3980.0423,4002.2904,3963.4632,3979.7322,109871699.0,000300.SH,2023-08-08,,,CNY
3967.3566,3982.1091,3961.8434,3967.5652,94640269.0,000300.SH,2023-08-09,,,CNY
3962.8569,3976.4637,3945.3869,3975.7166,97176849.0,000300.SH,2023-08-10,,,CNY
3977.9834,3977.9834,3884.2538,3884.2538,126082931.0,000300.SH,2023-08-11,,,CNY
3840.8872,3859.4718,3814.0711,3855.9061,115966336.0,000300.SH,2023-08-14,,,CNY
3858.3662,3865.284,3811.6839,3846.5357,103097111.0,000300.SH,2023-08-15,,,CNY
3830.8274,3852.4198,3817.6324,3818.3338,94616946.0,000300.SH,2023-08-16,,,CNY
3801.1969,3836.1507,3782.4967,3831.1008,98415493.0,000300.SH,2023-08-17,,,CNY
3832.4554,3844.195,3784.0038,3784.0038,95549638.0,000300.SH,2023-08-18,,,CNY
3773.225,3782.1112,3729.555,3729.555,98708369.0,000300.SH,2023-08-21,,,CNY
3748.0675,3770.0556,3704.6785,3758.2271,120318327.0,000300.SH,2023-08-22,,,CNY
3751.7736,3756.1659,3695.0309,3696.6339,97081638.0,000300.SH,2023-08-23,,,CNY
3711.5403,3748.8567,3701.5717,3723.4293,119614521.0,000300.SH,2023-08-24,,,CNY
3703.5136,3734.2185,3695.8442,3709.1517,105182610.0,000300.SH,2023-08-25,,,CNY
3911.5485,3911.5485,3740.5279,3752.6194,197990379.0,000300.SH,2023-08-28,,,CNY
3743.0534,3810.3772,3742.0758,3790.1067,152486146.0,000300.SH,2023-08-29,,,CNY
3803.1191,3813.7032,3780.2411,3788.5097,129671661.0,000300.SH,2023-08-30,,,CNY
3786.9261,3793.9972,3762.0046,3765.2678,118961646.0,000300.SH,2023-08-31,,,CNY
3778.9129,3808.5306,3778.9129,3791.4912,105319045.0,000300.SH,2023-09-01,,,CNY
3812.9873,3854.2605,3804.5886,3848.9517,142385201.0,000300.SH,2023-09-04,,,CNY
3839.5779,3839.5779,3814.3338,3820.3174,104052333.0,000300.SH,2023-09-05,,,CNY
3808.1,3817.5239,3790.8949,3812.0283,93442393.0,000300.SH,2023-09-06,,,CNY
3802.2272,3802.2272,3756.853,3758.4748,95103903.0,000300.SH,2023-09-07,,,CNY
3747.6509,3753.263,3724.987,3739.9927,71638166.0,000300.SH,2023-09-08,,,CNY
3740.5846,3788.3219,3734.7228,3767.537,105358016.0,000300.SH,2023-09-11,,,CNY
3764.3331,3775.093,3755.4162,3760.6048,79385378.0,000300.SH,2023-09-12,,,CNY
3759.6091,3768.8162,3719.1114,3736.6513,81576901.0,000300.SH,2023-09-13,,,CNY
3736.9355,3748.8177,3717.3107,3733.5077,100386075.0,000300.SH,2023-09-14,,,CNY
3740.7853,3749.0247,3699.3806,3708.7766,109395689.0,000300.SH,2023-09-15,,,CNY
3698.9344,3737.5306,3691.1107,3727.711,86727741.0,000300.SH,2023-09-18,,,CNY
3723.4244,3724.0717,3702.6934,3720.5021,83199038.0,000300.SH,2023-09-19,,,CNY
3715.9578,3718.5207,3705.1274,3705.6898,75448209.0,000300.SH,2023-09-20,,,CNY
3698.313,3708.4557,3672.4448,3672.4448,83031005.0,000300.SH,2023-09-21,,,CNY
3672.6402,3740.4183,3664.7661,3738.9327,110231166.0,000300.SH,2023-09-22,,,CNY
3738.0622,3738.0622,3711.2049,3714.6037,92596479.0,000300.SH,2023-09-25,,,CNY
3711.7106,3723.8481,3692.6172,3692.8928,78044525.0,000300.SH,2023-09-26,,,CNY
3694.9607,3731.1405,3694.3938,3700.495,91629210.0,000300.SH,2023-09-27,,,CNY
3711.2117,3716.0569,3685.3001,3689.5172,85221719.0,000300.SH,2023-09-28,,,CNY
3678.929,3694.1713,3641.9966,3684.7272,102148058.0,000300.SH,2023-10-09,,,CNY
3696.2542,3701.2562,3655.589,3657.1259,99163730.0,000300.SH,2023-10-10,,,CNY
3674.7514,3689.5347,3658.355,3667.5483,102091587.0,000300.SH,2023-10-11,,,CNY
3697.9337,3711.4985,3682.8418,3702.3824,114363225.0,000300.SH,2023-10-12,,,CNY
3677.9585,3678.1913,3652.3094,3663.4104,98287987.0,000300.SH,2023-10-13,,,CNY
3664.039,3664.039,3615.7686,3626.5972,91853118.0,000300.SH,2023-10-16,,,CNY
3635.2994,3645.5654,3619.1277,3639.4018,90745188.0,000300.SH,2023-10-17,,,CNY
3631.0671,3632.0579,3608.9768,3610.5767,94545879.0,000300.SH,2023-10-18,,,CNY
3588.5154,3588.5154,3532.3059,3533.5445,111737520.0,000300.SH,2023-10-19,,,CNY
3518.3464,3535.6623,3501.725,3510.5889,98518605.0,000300.SH,2023-10-20,,,CNY
3500.199,3505.3468,3450.6456,3474.2438,96561652.0,000300.SH,2023-10-23,,,CNY
3481.7644,3495.0039,3453.1016,3487.1302,115547289.0,000300.SH,2023-10-24,,,CNY
3524.2965,3531.8314,3500.9154,3504.4576,128009617.0,000300.SH,2023-10-25,,,CNY
3484.7807,3515.5716,3478.0503,3514.1448,105143566.0,000300.SH,2023-10-26,,,CNY
3501.171,3576.5861,3494.5488,3562.3851,120225108.0,000300.SH,2023-10-27,,,CNY
3554.1055,3592.7188,3554.0238,3583.7718,144010426.0,000300.SH,2023-10-30,,,CNY
3581.6759,3581.6759,3554.5822,3572.5056,112587267.0,000300.SH,2023-10-31,,,CNY
3605.7576,3606.4126,3564.6421,3571.0268,97645538.0,000300.SH,2023-11-01,,,CNY
3580.0672,3597.1699,3553.7406,3554.1889,90359643.0,000300.SH,2023-11-02,,,CNY
3558.5303,3596.101,3558.5303,3584.1364,97542101.0,000300.SH,2023-11-03,,,CNY
3608.3187,3635.7897,3600.6304,3632.6084,152982463.0,000300.SH,2023-11-06,,,CNY
3623.7849,3628.4615,3606.2975,3619.7593,110288591.0,000300.SH,2023-11-07,,,CNY
3610.6434,3627.0479,3591.8248,3611.0723,110594230.0,000300.SH,2023-11-08,,,CNY
3603.1082,3624.4141,3601.3744,3612.8263,111872057.0,000300.SH,2023-11-09,,,CNY
3596.0688,3599.4519,3576.1011,3586.4893,102107034.0,000300.SH,2023-11-10,,,CNY
3593.9109,3599.3897,3562.7682,3579.4141,96707649.0,000300.SH,2023-11-13,,,CNY
3581.1034,3600.1483,3568.882,3582.0584,100884158.0,000300.SH,2023-11-14,,,CNY
3616.8765,3620.6007,3596.9158,3607.2454,104929218.0,000300.SH,2023-11-15,,,CNY
3600.9813,3605.2898,3572.3636,3572.3641,87464780.0,000300.SH,2023-11-16,,,CNY
3561.3112,3573.6819,3547.0287,3568.0685,87319207.0,000300.SH,2023-11-17,,,CNY
3569.7314,3586.9731,3545.1038,3576.3233,91080445.0,000300.SH,2023-11-20,,,CNY
3587.8779,3615.0569,3575.682,3581.0674,108594314.0,000300.SH,2023-11-21,,,CNY
3569.4389,3574.3782,3544.4162,3544.4162,84784381.0,000300.SH,2023-11-22,,,CNY
3541.4416,3562.0675,3529.939,3561.5204,84800167.0,000300.SH,2023-11-23,,,CNY
3560.6462,3560.6462,3533.9955,3538.0087,85018403.0,000300.SH,2023-11-24,,,CNY
3534.4445,3534.4445,3492.8623,3511.9424,99102314.0,000300.SH,2023-11-27,,,CNY
3510.6554,3521.0463,3501.1093,3518.5232,89335789.0,000300.SH,2023-11-28,,,CNY
3518.8836,3519.198,3482.2444,3488.3073,98841412.0,000300.SH,2023-11-29,,,CNY
3485.5171,3505.1273,3481.4515,3496.2028,101350820.0,000300.SH,2023-11-30,,,CNY
3494.2234,3494.2234,3452.1728,3482.8813,108530941.0,000300.SH,2023-12-01,,,CNY
3481.0449,3488.133,3459.611,3460.138,97156826.0,000300.SH,2023-12-04,,,CNY
3450.0898,3450.0898,3393.8139,3394.2571,100472007.0,000300.SH,2023-12-05,,,CNY
3387.8798,3420.2773,3382.9457,3399.598,105805519.0,000300.SH,2023-12-06,,,CNY
3394.3064,3404.4074,3369.7675,3391.2823,97713248.0,000300.SH,2023-12-07,,,CNY
3391.8585,3409.3845,3383.4479,3399.4618,129522054.0,000300.SH,2023-12-08,,,CNY
3378.0517,3426.6106,3346.8902,3419.4548,139626249.0,000300.SH,2023-12-11,,,CNY
3409.9976,3427.5456,3406.1013,3426.803,105590013.0,000300.SH,2023-12-12,,,CNY
3418.6413,3418.6413,3369.605,3369.605,95285367.0,000300.SH,2023-12-13,,,CNY
3387.3847,3399.1394,3350.7648,3351.9639,83655135.0,000300.SH,2023-12-14,,,CNY
3365.9388,3388.5047,3339.519,3341.5517,97787783.0,000300.SH,2023-12-15,,,CNY
3329.191,3352.3458,3314.9095,3329.3657,90526826.0,000300.SH,2023-12-18,,,CNY
3325.6596,3345.7795,3313.1874,3334.0412,83808118.0,000300.SH,2023-12-19,,,CNY
3334.332,3338.5434,3297.3652,3297.5022,92412868.0,000300.SH,2023-12-20,,,CNY
3285.6049,3339.3552,3283.9883,3330.8698,102546198.0,000300.SH,2023-12-21,,,CNY
3329.4668,3359.0601,3315.8976,3337.2281,105220133.0,000300.SH,2023-12-22,,,CNY
3330.3333,3348.882,3330.3333,3347.4508,74542693.0,000300.SH,2023-12-25,,,CNY
3345.3952,3345.4171,3315.937,3324.7902,74732935.0,000300.SH,2023-12-26,,,CNY
3326.9267,3341.2659,3309.6731,3336.3572,94403928.0,000300.SH,2023-12-27,,,CNY
3335.5572,3423.4018,3331.2082,3414.5403,148064851.0,000300.SH,2023-12-28,,,CNY
3411.1094,3432.5412,3409.5795,3431.1099,114928932.0,000300.SH,2023-12-29,,,CNY
3426.2684,3426.2684,3386.3522,3386.3522,116180726.0,000300.SH,2024-01-02,,,CNY
3379.7501,3392.8504,3362.6617,3378.2971,105613851.0,000300.SH,2024-01-03,,,CNY
3375.0207,3375.0207,3323.8647,3347.0519,106721013.0,000300.SH,2024-01-04,,,CNY
3341.3061,3372.5444,3313.5542,3329.1114,126400574.0,000300.SH,2024-01-05,,,CNY
3322.6051,3333.516,3283.3421,3286.0564,117429485.0,000300.SH,2024-01-08,,,CNY
3286.7083,3304.6008,3273.8431,3292.4994,109330465.0,000300.SH,2024-01-09,,,CNY
3281.6692,3312.9161,3268.2471,3277.129,94199366.0,000300.SH,2024-01-10,,,CNY
3275.3086,3311.1137,3266.7911,3295.6717,108789735.0,000300.SH,2024-01-11,,,CNY
3284.358,3310.4704,3279.6987,3284.1667,96853555.0,000300.SH,2024-01-12,,,CNY
3270.1029,3306.9217,3261.2687,3280.9195,88851530.0,000300.SH,2024-01-15,,,CNY
3272.571,3300.8762,3260.4362,3300.8762,113276665.0,000300.SH,2024-01-16,,,CNY
3291.1392,3291.1392,3229.082,3229.082,108769728.0,000300.SH,2024-01-17,,,CNY
3214.2844,3279.2538,3171.6329,3274.7286,174909168.0,000300.SH,2024-01-18,,,CNY
3261.2393,3286.9415,3251.8136,3269.7763,118501408.0,000300.SH,2024-01-19,,,CNY
3262.4685,3281.4205,3193.1776,3218.9016,148705628.0,000300.SH,2024-01-22,,,CNY
3208.4316,3249.5306,3188.1259,3231.9329,122012000.0,000300.SH,2024-01-23,,,CNY
3245.9592,3281.4892,3190.4674,3277.1089,154371954.0,000300.SH,2024-01-24,,,CNY
3274.3391,3344.2426,3269.7943,3342.9189,196833614.0,000300.SH,2024-01-25,,,CNY
3326.6465,3351.9692,3315.1265,3333.8213,180664005.0,000300.SH,2024-01-26,,,CNY
3335.3936,3351.3715,3303.9604,3303.9604,184164795.0,000300.SH,2024-01-29,,,CNY
3283.8977,3300.204,3244.9719,3245.0387,143649350.0,000300.SH,2024-01-30,,,CNY
3231.5425,3252.1475,3201.9264,3215.3518,153143469.0,000300.SH,2024-01-31,,,CNY
3202.2564,3251.7582,3191.8968,3217.7109,145516792.0,000300.SH,2024-02-01,,,CNY
3219.8734,3235.4079,3108.3515,3179.6276,173758089.0,000300.SH,2024-02-02,,,CNY
3164.25,3233.8485,3111.5184,3200.4218,203042970.0,000300.SH,2024-02-05,,,CNY
3185.2498,3314.512,3182.8216,3311.6922,202713099.0,000300.SH,2024-02-06,,,CNY
3314.0306,3343.6303,3289.6704,3343.6303,216647933.0,000300.SH,2024-02-07,,,CNY
3351.4052,3367.2101,3336.9779,3364.9297,189977578.0,000300.SH,2024-02-08,,,CNY
3393.1916,3403.8078,3364.1418,3403.8078,183319800.0,000300.SH,2024-02-19,,,CNY
3395.1916,3415.8943,3380.103,3410.8542,140734581.0,000300.SH,2024-02-20,,,CNY
3390.3619,3500.1338,3383.6911,3456.8713,188879362.0,000300.SH,2024-02-21,,,CNY
3450.3518,3486.6826,3448.4135,3486.6747,141020784.0,000300.SH,2024-02-22,,,CNY
3491.3367,3507.5592,3472.968,3489.7416,144821273.0,000300.SH,2024-02-23,,,CNY
3485.5427,3492.6061,3445.3889,3453.3585,151248331.0,000300.SH,2024-02-26,,,CNY
3440.0516,3494.7874,3437.4422,3494.7874,139528246.0,000300.SH,2024-02-27,,,CNY
3499.8257,3521.6574,3450.2598,3450.2598,189837548.0,000300.SH,2024-02-28,,,CNY
3437.8984,3516.0826,3437.8984,3516.0826,155944532.0,000300.SH,2024-02-29,,,CNY
3515.0587,3544.3595,3503.459,3537.8038,162709570.0,000300.SH,2024-03-01,,,CNY
3538.366,3548.6901,3519.7599,3540.8686,163244613.0,000300.SH,2024-03-04,,,CNY
3524.9644,3570.6935,3519.0816,3565.5143,166422389.0,000300.SH,2024-03-05,,,CNY
3556.5323,3577.3883,3545.1013,3551.0481,143076613.0,000300.SH,2024-03-06,,,CNY
3548.1007,3569.9185,3522.8964,3529.7195,148110510.0,000300.SH,2024-03-07,,,CNY
3529.5509,3548.5055,3511.577,3544.9099,125792664.0,000300.SH,2024-03-08,,,CNY
3545.9427,3589.2635,3542.2789,3589.2635,148202825.0,000300.SH,2024-03-11,,,CNY
3592.5826,3605.6976,3574.2117,3597.4939,180685560.0,000300.SH,2024-03-12,,,CNY
3594.4211,3594.4211,3563.3685,3572.361,144590590.0,000300.SH,2024-03-13,,,CNY
3571.7885,3597.46,3545.612,3562.2229,140962722.0,000300.SH,2024-03-14,,,CNY
3554.9068,3572.8091,3533.6798,3569.993,138316044.0,000300.SH,2024-03-15,,,CNY
3577.0564,3604.0519,3573.404,3603.528,160379438.0,000300.SH,2024-03-18,,,CNY
3593.3396,3610.7389,3577.188,3577.6303,145571786.0,000300.SH,2024-03-19,,,CNY
3568.7158,3589.5456,3568.4341,3585.3838,129528966.0,000300.SH,2024-03-20,,,CNY
3593.07,3601.1145,3575.0331,3581.0902,130743377.0,000300.SH,2024-03-21,,,CNY
3571.2736,3575.7171,3522.8404,3545.0023,139227358.0,000300.SH,2024-03-22,,,CNY
3536.7136,3564.9604,3525.7634,3525.7634,137015724.0,000300.SH,2024-03-25,,,CNY
3526.6818,3547.6461,3518.6018,3543.7467,126209535.0,000300.SH,2024-03-26,,,CNY
3538.7244,3542.9624,3502.7866,3502.7866,128626763.0,000300.SH,2024-03-27,,,CNY
3498.482,3551.2143,3489.3861,3520.9648,143334717.0,000300.SH,2024-03-28,,,CNY
3516.883,3538.2378,3516.883,3537.4843,128643290.0,000300.SH,2024-03-29,,,CNY
3551.5815,3600.9193,3551.5815,3595.6466,162776561.0,000300.SH,2024-04-01,,,CNY
3593.2206,3596.1903,3568.7539,3580.6759,141272972.0,000300.SH,2024-04-02,,,CNY
3578.6835,3582.4324,3558.874,3567.8031,135592331.0,000300.SH,2024-04-03,,,CNY
3553.5554,3567.82,3535.7688,3536.4077,155304283.0,000300.SH,2024-04-08,,,CNY
3533.3849,3543.7141,3518.8601,3533.4871,129670942.0,000300.SH,2024-04-09,,,CNY
3528.9679,3531.2295,3490.0525,3504.7086,128790274.0,000300.SH,2024-04-10,,,CNY
3485.0294,3520.5893,3484.9252,3504.2447,126534395.0,000300.SH,2024-04-11,,,CNY
3505.7499,3516.6988,3470.0611,3475.8389,128921116.0,000300.SH,2024-04-12,,,CNY
3473.5047,3552.4125,3473.5047,3549.0759,183941250.0,000300.SH,2024-04-15,,,CNY
3533.3636,3545.5034,3503.6158,3511.1146,176153065.0,000300.SH,2024-04-16,,,CNY
3509.1318,3565.9389,3498.0324,3565.403,168466398.0,000300.SH,2024-04-17,,,CNY
3550.5562,3602.7902,3547.5996,3569.8018,178574105.0,000300.SH,2024-04-18,,,CNY
3550.6087,3560.9492,3529.3237,3541.6619,147281505.0,000300.SH,2024-04-19,,,CNY
3536.1844,3558.1642,3528.0186,3530.9045,150579042.0,000300.SH,2024-04-22,,,CNY
3525.6681,3533.7584,3499.9838,3506.2249,143113504.0,000300.SH,2024-04-23,,,CNY
3514.0108,3524.537,3495.6494,3521.6219,121739851.0,000300.SH,2024-04-24,,,CNY
3510.6396,3543.9699,3505.1999,3530.2813,115187722.0,000300.SH,2024-04-25,,,CNY
3531.9647,3588.4003,3531.9647,3584.2686,197216133.0,000300.SH,2024-04-26,,,CNY
3584.5427,3645.8229,3578.7597,3623.9124,222721381.0,000300.SH,2024-04-29,,,CNY
3619.2586,3630.7092,3604.3943,3604.3943,191296899.0,000300.SH,2024-04-30,,,CNY
3654.0485,3668.2565,3645.738,3657.8767,208018007.0,000300.SH,2024-05-06,,,CNY
3657.0007,3665.684,3648.376,3659.0076,164834286.0,000300.SH,2024-05-07,,,CNY
3650.7484,3650.9355,3628.6984,3630.2233,130035336.0,000300.SH,2024-05-08,,,CNY
3630.4142,3669.7593,3630.4142,3664.561,146559017.0,000300.SH,2024-05-09,,,CNY
3669.0869,3674.6088,3641.7639,3666.2771,150720536.0,000300.SH,2024-05-10,,,CNY
3646.3491,3673.6211,3634.6049,3664.6907,157267455.0,000300.SH,2024-05-13,,,CNY
3668.2254,3675.776,3646.7092,3657.0454,133406490.0,000300.SH,2024-05-14,,,CNY
3651.0536,3656.5277,3624.002,3626.0559,123522764.0,000300.SH,2024-05-15,,,CNY
3636.6007,3657.4831,3626.334,3640.3592,154630503.0,000300.SH,2024-05-16,,,CNY
3638.5613,3677.9696,3627.447,3677.9696,164570417.0,000300.SH,2024-05-17,,,CNY
3682.0615,3703.0287,3677.4426,3690.9623,184609423.0,000300.SH,2024-05-20,,,CNY
3682.2868,3684.6106,3665.1524,3676.1611,130678283.0,000300.SH,2024-05-21,,,CNY
3675.6471,3691.8804,3667.0885,3684.451,151914605.0,000300.SH,2024-05-22,,,CNY
3672.8403,3674.3654,3633.5051,3641.7917,142572990.0,000300.SH,2024-05-23,,,CNY
3630.827,3650.8734,3599.6678,3601.4754,124791177.0,000300.SH,2024-05-24,,,CNY
3606.645,3638.1514,3603.7131,3635.7079,131272644.0,000300.SH,2024-05-27,,,CNY
3633.2535,3638.9703,3605.9213,3609.1724,123532238.0,000300.SH,2024-05-28,,,CNY
3609.0708,3633.1971,3602.8198,3613.5223,115906321.0,000300.SH,2024-05-29,,,CNY
3607.0522,3624.0352,3586.7543,3594.3121,122602995.0,000300.SH,2024-05-30,,,CNY
3599.8196,3614.6439,3579.9247,3579.9247,112462019.0,000300.SH,2024-05-31,,,CNY
3577.3798,3600.6044,3567.8713,3588.7483,141054591.0,000300.SH,2024-06-03,,,CNY
3583.8104,3622.5012,3580.2771,3615.6714,124545096.0,000300.SH,2024-06-04,,,CNY
3610.3601,3623.3232,3594.1056,3594.7936,110906766.0,000300.SH,2024-06-05,,,CNY
3602.1554,3625.0109,3584.171,3592.2454,137893517.0,000300.SH,2024-06-06,,,CNY
3594.6335,3603.0698,3552.0853,3574.1143,131103026.0,000300.SH,2024-06-07,,,CNY
3555.8186,3565.3113,3525.8945,3542.8771,134522306.0,000300.SH,2024-06-11,,,CNY
3539.0947,3551.1706,3531.5657,3544.1225,122813729.0,000300.SH,2024-06-12,,,CNY
3548.2162,3551.0771,3520.1802,3526.1306,123245462.0,000300.SH,2024-06-13,,,CNY
3514.7998,3547.1473,3503.5233,3541.5331,171516942.0,000300.SH,2024-06-14,,,CNY
3521.4365,3540.7932,3520.7381,3536.1986,137433438.0,000300.SH,2024-06-17,,,CNY
3533.4875,3551.7085,3532.7845,3545.5902,123671838.0,000300.SH,2024-06-18,,,CNY
3543.3599,3543.3599,3524.8449,3528.749,106642797.0,000300.SH,2024-06-19,,,CNY
3525.1687,3533.9865,3500.131,3503.2817,111617396.0,000300.SH,2024-06-20,,,CNY
3496.3428,3505.5123,3473.8283,3495.6198,109186615.0,000300.SH,2024-06-21,,,CNY
3473.6392,3505.7752,3471.2164,3476.8102,117990184.0,000300.SH,2024-06-24,,,CNY
3475.1648,3483.2189,3440.6464,3457.9023,118448118.0,000300.SH,2024-06-25,,,CNY
3451.5389,3487.3964,3442.2982,3480.2648,105898861.0,000300.SH,2024-06-26,,,CNY
3467.2888,3471.1423,3452.5775,3454.1175,114918101.0,000300.SH,2024-06-27,,,CNY
3443.6744,3484.678,3443.6744,3461.657,135409153.0,000300.SH,2024-06-28,,,CNY
3458.2636,3479.9548,3443.8086,3478.1827,121829770.0,000300.SH,2024-07-01,,,CNY
3472.4527,3488.3189,3464.5237,3471.7857,121650121.0,000300.SH,2024-07-02,,,CNY
3471.5556,3478.7047,3454.9942,3463.4141,103857108.0,000300.SH,2024-07-03,,,CNY
3468.2958,3483.3098,3444.928,3445.8128,104429909.0,000300.SH,2024-07-04,,,CNY
3443.3588,3451.0386,3399.6693,3431.0605,116609659.0,000300.SH,2024-07-05,,,CNY
3420.8033,3428.0418,3395.9123,3401.7604,115528218.0,000300.SH,2024-07-08,,,CNY
3396.8044,3448.9279,3384.8086,3439.8111,131629443.0,000300.SH,2024-07-09,,,CNY
3425.8818,3447.505,3423.6483,3428.9657,127203456.0,000300.SH,2024-07-10,,,CNY
3451.0442,3473.9837,3438.118,3468.169,145892466.0,000300.SH,2024-07-11,,,CNY
3459.9564,3479.0958,3457.3633,3472.4014,130874589.0,000300.SH,2024-07-12,,,CNY
3462.6113,3481.4613,3460.7915,3476.2467,118517083.0,000300.SH,2024-07-15,,,CNY
3466.8523,3500.2943,3464.3655,3498.2827,120659017.0,000300.SH,2024-07-16,,,CNY
3494.209,3514.4753,3486.2229,3501.5836,131802062.0,000300.SH,2024-07-17,,,CNY
3483.2975,3522.7995,3475.7236,3520.931,123768199.0,000300.SH,2024-07-18,,,CNY
3500.8052,3545.3383,3493.0734,3539.0156,132447975.0,000300.SH,2024-07-19,,,CNY
3538.4012,3540.1874,3494.0143,3514.9249,132126337.0,000300.SH,2024-07-22,,,CNY
3509.7887,3509.7887,3439.8779,3439.8779,128897660.0,000300.SH,2024-07-23,,,CNY
3432.3459,3451.4196,3408.4129,3418.1663,127036263.0,000300.SH,2024-07-24,,,CNY
3404.611,3415.8557,3383.7991,3399.2716,131022242.0,000300.SH,2024-07-25,,,CNY
3403.7084,3420.8201,3388.6601,3409.2931,124195558.0,000300.SH,2024-07-26,,,CNY
3404.3663,3408.5024,3388.8444,3390.742,109787786.0,000300.SH,2024-07-29,,,CNY
3380.6893,3380.6893,3352.8043,3369.3821,104952164.0,000300.SH,2024-07-30,,,CNY
3364.0268,3445.0042,3364.0268,3442.0844,171959177.0,000300.SH,2024-07-31,,,CNY
3443.1397,3448.3361,3419.1872,3419.2666,136323464.0,000300.SH,2024-08-01,,,CNY
3393.9167,3419.1023,3380.9645,3384.3919,116615255.0,000300.SH,2024-08-02,,,CNY
3362.1117,3409.0314,3343.3205,3343.3205,142812516.0,000300.SH,2024-08-05,,,CNY
3367.3517,3376.7956,3318.6251,3342.9789,119340279.0,000300.SH,2024-08-06,,,CNY
3338.5909,3362.3839,3329.9658,3341.489,95084377.0,000300.SH,2024-08-07,,,CNY
3332.4281,3364.7855,3320.8432,3342.9369,92495695.0,000300.SH,2024-08-08,,,CNY
3358.128,3366.6688,3331.6274,3331.6274,91511626.0,000300.SH,2024-08-09,,,CNY
3327.5561,3338.0771,3319.8908,3325.8645,79938754.0,000300.SH,2024-08-12,,,CNY
3328.0138,3335.014,3310.1909,3334.3903,84489679.0,000300.SH,2024-08-13,,,CNY
3332.7866,3332.7866,3309.1,3309.2389,78742407.0,000300.SH,2024-08-14,,,CNY
3301.4455,3356.7644,3297.9711,3341.953,104766399.0,000300.SH,2024-08-15,,,CNY
3342.0346,3356.9071,3335.6239,3345.634,96519083.0,000300.SH,2024-08-16,,,CNY
3344.2614,3375.9621,3343.7116,3356.9677,105571110.0,000300.SH,2024-08-19,,,CNY
3361.6394,3362.3338,3321.6397,3332.7034,101668331.0,000300.SH,2024-08-20,,,CNY
3322.9134,3339.443,3307.9917,3321.635,89954751.0,000300.SH,2024-08-21,,,CNY
3322.8723,3327.6962,3305.2453,3313.1357,100366504.0,000300.SH,2024-08-22,,,CNY
3305.9307,3336.2414,3305.6403,3327.1905,89525774.0,000300.SH,2024-08-23,,,CNY
3330.7184,3336.5271,3311.5701,3324.2231,93990772.0,000300.SH,2024-08-26,,,CNY
3315.686,3320.5667,3299.5635,3305.3338,95808157.0,000300.SH,2024-08-27,,,CNY
3298.9089,3305.3496,3274.5881,3286.4956,92696650.0,000300.SH,2024-08-28,,,CNY
3273.541,3290.7857,3269.5288,3277.6812,130702333.0,000300.SH,2024-08-29,,,CNY
3273.7532,3351.6254,3273.6496,3321.4323,188695443.0,000300.SH,2024-08-30,,,CNY
3307.5432,3307.7627,3264.7565,3265.011,147612353.0,000300.SH,2024-09-02,,,CNY
3261.741,3281.5935,3261.1877,3273.4282,122897306.0,000300.SH,2024-09-03,,,CNY
3253.898,3272.9861,3249.9809,3252.1649,104832482.0,000300.SH,2024-09-04,,,CNY
3252.96,3266.882,3247.1725,3257.7578,97109450.0,000300.SH,2024-09-05,,,CNY
3261.1542,3274.8144,3231.0685,3231.3457,88400417.0,000300.SH,2024-09-06,,,CNY
3214.7996,3222.9278,3180.9277,3192.9516,108673069.0,000300.SH,2024-09-09,,,CNY
3193.4557,3205.0972,3171.7932,3195.7552,97290078.0,000300.SH,2024-09-10,,,CNY
3187.0508,3197.3363,3174.0343,3186.1299,102482110.0,000300.SH,2024-09-11,,,CNY
3189.4271,3201.5544,3171.8775,3172.4747,92868657.0,000300.SH,2024-09-12,,,CNY
3174.0344,3188.9145,3159.247,3159.247,88336677.0,000300.SH,2024-09-13,,,CNY
3158.8179,3179.9012,3145.7908,3171.0102,84722814.0,000300.SH,2024-09-18,,,CNY
3178.3959,3213.8378,3149.7925,3196.0357,125439272.0,000300.SH,2024-09-19,,,CNY
3192.4322,3207.9875,3173.2238,3201.0497,118064098.0,000300.SH,2024-09-20,,,CNY
3200.8678,3230.1613,3198.0248,3212.7639,95344855.0,000300.SH,2024-09-23,,,CNY
3244.6468,3351.9684,3222.4885,3351.909,204072217.0,000300.SH,2024-09-24,,,CNY
3403.7021,3465.4882,3393.438,3401.533,241564255.0,000300.SH,2024-09-25,,,CNY
3399.3188,3545.3249,3391.6772,3545.3204,243134010.0,000300.SH,2024-09-26,,,CNY
3617.9203,3708.4951,3596.5833,3703.6849,265487774.0,000300.SH,2024-09-27,,,CNY
3846.6515,4038.6968,3796.5045,4017.8545,510217707.0,000300.SH,2024-09-30,,,CNY
4450.3675,4450.3675,4094.3519,4256.0962,589867894.0,000300.SH,2024-10-08,,,CNY
4168.8436,4197.6,3942.5118,3955.9839,482269295.0,000300.SH,2024-10-09,,,CNY
3979.6116,4098.4967,3912.7708,3997.7879,395053099.0,000300.SH,2024-10-10,,,CNY
3969.7576,3978.2389,3847.1228,3887.167,274096505.0,000300.SH,2024-10-11,,,CNY
3915.2186,3979.5431,3868.779,3961.3424,307578993.0,000300.SH,2024-10-14,,,CNY
3942.5342,3967.8712,3855.9949,3855.9949,242486448.0,000300.SH,2024-10-15,,,CNY
3806.1373,3877.7483,3805.0868,3831.589,218866407.0,000300.SH,2024-10-16,,,CNY
3853.841,3882.0733,3787.7498,3788.2217,212313820.0,000300.SH,2024-10-17,,,CNY
3780.3143,3998.214,3765.1615,3925.234,312958834.0,000300.SH,2024-10-18,,,CNY
3946.9016,3979.2638,3896.165,3935.1974,291185634.0,000300.SH,2024-10-21,,,CNY
3923.7443,3965.9084,3917.5218,3957.7755,223433396.0,000300.SH,2024-10-22,,,CNY
3955.3191,4012.1795,3939.0986,3973.2089,245873949.0,000300.SH,2024-10-23,,,CNY
3950.8987,3957.9832,3914.0887,3928.8334,174724062.0,000300.SH,2024-10-24,,,CNY
3931.3205,3992.8918,3921.9396,3956.421,210694885.0,000300.SH,2024-10-25,,,CNY
3953.1063,3964.1569,3917.2042,3964.1569,216160415.0,000300.SH,2024-10-28,,,CNY
3970.008,3991.3091,3921.5795,3924.649,217293984.0,000300.SH,2024-10-29,,,CNY
3904.1595,3926.0581,3864.3051,3889.4487,219436626.0,000300.SH,2024-10-30,,,CNY
3888.4229,3923.8997,3859.1079,3891.0396,300636718.0,000300.SH,2024-10-31,,,CNY
3882.4579,3933.2204,3879.9588,3890.0203,307986481.0,000300.SH,2024-11-01,,,CNY
3897.7144,3944.7619,3891.2109,3944.7619,229239060.0,000300.SH,2024-11-04,,,CNY
3937.6228,4046.6977,3925.4138,4044.5725,316862794.0,000300.SH,2024-11-05,,,CNY
4051.2891,4091.7031,4002.5027,4024.2831,335807938.0,000300.SH,2024-11-06,,,CNY
3987.2665,4146.151,3984.6652,4145.6952,341436414.0,000300.SH,2024-11-07,,,CNY
4192.0794,4200.908,4094.1631,4104.047,332350385.0,000300.SH,2024-11-08,,,CNY
4066.9336,4132.5111,4048.039,4131.1312,289594227.0,000300.SH,2024-11-11,,,CNY
4133.3528,4181.7096,4060.7936,4085.743,297778086.0,000300.SH,2024-11-12,,,CNY
4059.5898,4121.0735,4059.5898,4110.8901,240484099.0,000300.SH,2024-11-13,,,CNY
4101.2228,4118.1686,4034.9441,4039.6191,230152784.0,000300.SH,2024-11-14,,,CNY
4025.6482,4049.071,3968.8308,3968.8308,247399463.0,000300.SH,2024-11-15,,,CNY
3982.1036,4034.0596,3931.1872,3950.3806,306777946.0,000300.SH,2024-11-18,,,CNY
3954.6038,3979.1505,3896.7493,3976.8912,242946465.0,000300.SH,2024-11-19,,,CNY
3966.1238,4001.0847,3958.3383,3985.7727,184599372.0,000300.SH,2024-11-20,,,CNY
3979.4554,3999.5693,3966.0658,3989.2979,166125927.0,000300.SH,2024-11-21,,,CNY
3984.2435,3990.2647,3865.6989,3865.6989,216285809.0,000300.SH,2024-11-22,,,CNY
3875.6126,3889.7069,3812.3179,3848.0909,190702953.0,000300.SH,2024-11-25,,,CNY
3836.259,3875.229,3833.2842,3840.1847,149892441.0,000300.SH,2024-11-26,,,CNY
3829.3442,3907.164,3817.9125,3907.0447,174136096.0,000300.SH,2024-11-27,,,CNY
3904.2525,3908.3918,3866.0136,3872.5505,150117291.0,000300.SH,2024-11-28,,,CNY
3869.8903,3962.7002,3869.8903,3916.5832,187656713.0,000300.SH,2024-11-29,,,CNY
3909.7029,3955.1252,3902.1697,3947.632,197289784.0,000300.SH,2024-12-02,,,CNY
3946.7034,3963.9474,3922.8425,3951.8912,182496867.0,000300.SH,2024-12-03,,,CNY
3948.13,3957.365,3917.7467,3930.5568,174626318.0,000300.SH,2024-12-04,,,CNY
3916.5638,3936.3358,3910.0834,3921.5881,138534038.0,000300.SH,2024-12-05,,,CNY
3923.8954,3995.1168,3923.8954,3973.1405,192057907.0,000300.SH,2024-12-06,,,CNY
3970.6628,3995.5116,3948.4206,3966.5708,175959958.0,000300.SH,2024-12-09,,,CNY
4094.05,4098.3804,3988.9676,3995.6369,253463795.0,000300.SH,2024-12-10,,,CNY
3988.0179,4005.3253,3977.3522,3988.8308,177252846.0,000300.SH,2024-12-11,,,CNY
3987.1525,4031.7441,3981.3485,4028.5048,181621777.0,000300.SH,2024-12-12,,,CNY
4000.9854,4000.9854,3931.7392,3933.1808,230353079.0,000300.SH,2024-12-13,,,CNY
3930.7807,3938.7595,3901.6465,3911.8416,178511251.0,000300.SH,2024-12-16,,,CNY
3908.1263,3955.945,3908.1263,3922.0334,160939090.0,000300.SH,2024-12-17,,,CNY
3934.5425,3956.1441,3933.9693,3941.89,157738321.0,000300.SH,2024-12-18,,,CNY
3911.8901,3954.3491,3899.7479,3945.4635,161081040.0,000300.SH,2024-12-19,,,CNY
3937.4722,3958.6336,3923.2562,3927.7441,154986496.0,000300.SH,2024-12-20,,,CNY
3928.1493,3965.8502,3928.1493,3933.5718,190067362.0,000300.SH,2024-12-23,,,CNY
3934.9422,3985.8588,3934.7338,3983.6882,161494589.0,000300.SH,2024-12-24,,,CNY
3987.9557,4007.7626,3969.4766,3985.6291,159390747.0,000300.SH,2024-12-25,,,CNY
3981.7317,3991.5331,3965.5461,3987.4801,143425286.0,000300.SH,2024-12-26,,,CNY
3987.0189,4007.1314,3970.9365,3981.0307,169268666.0,000300.SH,2024-12-27,,,CNY
3976.7004,4005.778,3976.7004,3999.0549,164612485.0,000300.SH,2024-12-30,,,CNY
3995.8705,4004.3462,3934.9109,3934.9109,183928397.0,000300.SH,2024-12-31,,,CNY
3931.8155,3934.2034,3796.3389,3820.3952,217898724.0,000300.SH,2025-01-02,,,CNY
3825.2426,3835.9353,3767.6653,3775.1648,175342676.0,000300.SH,2025-01-03,,,CNY
3775.9902,3788.8489,3743.0727,3768.9697,150946670.0,000300.SH,2025-01-06,,,CNY
3760.866,3797.602,3749.0581,3796.1055,146455779.0,000300.SH,2025-01-07,,,CNY
3781.261,3810.7355,3731.1887,3789.2153,169166968.0,000300.SH,2025-01-08,,,CNY
3780.7341,3795.2608,3768.681,3779.8773,129794002.0,000300.SH,2025-01-09,,,CNY
3778.8928,3786.8069,3732.4806,3732.4806,137523171.0,000300.SH,2025-01-10,,,CNY
3704.4442,3737.8852,3704.1073,3722.513,136446199.0,000300.SH,2025-01-13,,,CNY
3728.5561,3826.6399,3718.8768,3820.5395,170664657.0,000300.SH,2025-01-14,,,CNY
3810.0353,3816.8284,3790.1655,3796.026,141475520.0,000300.SH,2025-01-15,,,CNY
3812.1935,3842.947,3776.2861,3800.3836,144505871.0,000300.SH,2025-01-16,,,CNY
3788.3729,3831.6404,3780.2133,3812.3429,126621961.0,000300.SH,2025-01-17,,,CNY
3835.3042,3858.6677,3821.9815,3829.6764,139581277.0,000300.SH,2025-01-20,,,CNY
3850.3563,3850.9106,3817.1214,3832.6145,141218406.0,000300.SH,2025-01-21,,,CNY
3823.9447,3823.9447,3783.1438,3797.0166,137255062.0,000300.SH,2025-01-22,,,CNY
3829.0462,3864.2585,3801.8531,3803.7439,180569551.0,000300.SH,2025-01-23,,,CNY
3793.8498,3847.6003,3793.4836,3832.8637,148971722.0,000300.SH,2025-01-24,,,CNY
3836.9578,3851.9969,3817.0802,3817.0802,146670772.0,000300.SH,2025-01-27,,,CNY
3844.6998,3844.6998,3785.162,3795.0848,157168308.0,000300.SH,2025-02-05,,,CNY
3789.6086,3843.4942,3788.3196,3842.8314,167288176.0,000300.SH,2025-02-06,,,CNY
3844.0574,3919.3499,3833.8685,3892.7028,221857707.0,000300.SH,2025-02-07,,,CNY
3898.1023,3906.3678,3878.8314,3901.0618,188903040.0,000300.SH,2025-02-10,,,CNY
3905.1594,3905.1594,3872.9087,3883.1352,166574909.0,000300.SH,2025-02-11,,,CNY
3875.9596,3920.7229,3867.3538,3919.8617,164228540.0,000300.SH,2025-02-12,,,CNY
3913.9044,3939.1978,3904.9845,3905.1398,172485874.0,000300.SH,2025-02-13,,,CNY
3900.8274,3942.0356,3900.8274,3939.0085,172976452.0,000300.SH,2025-02-14,,,CNY
3954.4147,3955.8959,3921.7017,3947.3983,213588246.0,000300.SH,2025-02-17,,,CNY
3942.5761,3965.4232,3901.8675,3912.7829,209425101.0,000300.SH,2025-02-18,,,CNY
3906.2201,3943.6742,3904.1455,3940.1602,182829517.0,000300.SH,2025-02-19,,,CNY
3934.6503,3940.678,3916.1772,3928.8959,163895236.0,000300.SH,2025-02-20,,,CNY
3938.0518,3981.048,3927.7874,3978.444,227400330.0,000300.SH,2025-02-21,,,CNY
3972.4831,3995.9456,3949.2309,3969.7169,220810618.0,000300.SH,2025-02-24,,,CNY
3933.636,3955.4336,3915.6527,3925.6505,178108580.0,000300.SH,2025-02-25,,,CNY
3931.842,3960.3298,3925.3664,3959.9413,191062501.0,000300.SH,2025-02-26,,,CNY
3961.0635,3973.9323,3933.4611,3968.1159,202887963.0,000300.SH,2025-02-27,,,CNY
3950.1866,3972.4813,3886.3994,3890.0487,198104147.0,000300.SH,2025-02-28,,,CNY
3899.6962,3930.0048,3872.5872,3888.4738,177623166.0,000300.SH,2025-03-03,,,CNY
3865.9939,3890.4235,3855.7254,3885.2208,149850967.0,000300.SH,2025-03-04,,,CNY
3887.7992,3906.4214,3877.0188,3902.5706,158652751.0,000300.SH,2025-03-05,,,CNY
3923.3827,3964.4942,3917.0833,3956.2369,193960915.0,000300.SH,2025-03-06,,,CNY
3944.9145,3967.0743,3935.0464,3944.0143,166732375.0,000300.SH,2025-03-07,,,CNY
3945.5795,3949.1448,3905.127,3928.8018,152765232.0,000300.SH,2025-03-10,,,CNY
3890.4305,3941.4157,3889.4298,3941.4157,144754402.0,000300.SH,2025-03-11,,,CNY
3946.8623,3953.6125,3921.4736,3927.2315,156732190.0,000300.SH,2025-03-12,,,CNY
3925.7439,3939.2854,3897.3758,3911.5793,156536443.0,000300.SH,2025-03-13,,,CNY
3919.6159,4014.1586,3919.6159,4006.5567,216139003.0,000300.SH,2025-03-14,,,CNY
4020.6402,4021.7278,3992.2563,3996.7876,162202911.0,000300.SH,2025-03-17,,,CNY
4011.7794,4016.873,3995.9602,4007.7229,140208496.0,000300.SH,2025-03-18,,,CNY
4004.8251,4025.299,3989.512,4010.168,144419428.0,000300.SH,2025-03-19,,,CNY
4011.0588,4012.0416,3969.9259,3974.9918,133754670.0,000300.SH,2025-03-20,,,CNY
3966.5146,3983.1476,3904.7674,3914.6956,165905294.0,000300.SH,2025-03-21,,,CNY
3916.1136,3938.1826,3907.1999,3934.8486,152234674.0,000300.SH,2025-03-24,,,CNY
3937.8975,3946.3574,3921.5287,3932.2951,140475399.0,000300.SH,2025-03-25,,,CNY
3930.2073,3942.026,3916.8607,3919.3566,131164187.0,000300.SH,2025-03-26,,,CNY
3911.3841,3952.9852,3903.652,3932.4117,126793738.0,000300.SH,2025-03-27,,,CNY
3930.7763,3934.2336,3907.384,3915.1662,126356214.0,000300.SH,2025-03-28,,,CNY
3905.9815,3928.4482,3872.403,3887.3056,166798523.0,000300.SH,2025-03-31,,,CNY
3892.7794,3905.2622,3882.4045,3887.6841,140380274.0,000300.SH,2025-04-01,,,CNY
3884.4181,3900.4949,3877.1599,3884.3858,113043175.0,000300.SH,2025-04-02,,,CNY
3843.4177,3883.7025,3843.4177,3861.5034,142599789.0,000300.SH,2025-04-03,,,CNY
3675.2017,3707.7771,3514.1165,3589.4406,312578586.0,000300.SH,2025-04-07,,,CNY
3597.9859,3650.759,3583.8746,3650.759,280197312.0,000300.SH,2025-04-08,,,CNY
3606.1036,3686.7943,3587.3368,3686.7943,262305708.0,000300.SH,2025-04-09,,,CNY
3749.1262,3756.1386,3708.8194,3735.1151,227252227.0,000300.SH,2025-04-10,,,CNY
3730.3148,3762.3653,3708.4617,3750.5167,168759691.0,000300.SH,2025-04-11,,,CNY
3772.0407,3776.6344,3754.033,3759.1422,164462403.0,000300.SH,2025-04-14,,,CNY
3756.4788,3764.486,3737.8495,3761.2348,134006040.0,000300.SH,2025-04-15,,,CNY
3757.8757,3775.1661,3721.6025,3772.8204,156359006.0,000300.SH,2025-04-16,,,CNY
3755.0862,3779.1253,3749.504,3772.2221,122371002.0,000300.SH,2025-04-17,,,CNY
3760.0425,3782.0443,3754.4072,3772.523,102948509.0,000300.SH,2025-04-18,,,CNY
3768.1421,3790.1782,3763.1383,3784.8806,121355730.0,000300.SH,2025-04-21,,,CNY
3780.1122,3799.2295,3778.0791,3783.9522,125688257.0,000300.SH,2025-04-22,,,CNY
3803.4295,3807.9536,3780.5183,3786.8824,131986870.0,000300.SH,2025-04-23,,,CNY
3787.459,3807.2599,3775.207,3784.3574,117164560.0,000300.SH,2025-04-24,,,CNY
3792.0838,3801.5765,3780.7772,3786.9937,124591133.0,000300.SH,2025-04-25,,,CNY
3786.3867,3792.0082,3772.8029,3781.6188,125145091.0,000300.SH,2025-04-28,,,CNY
3776.0025,3785.3157,3768.0311,3775.0767,111514694.0,000300.SH,2025-04-29,,,CNY
3775.8306,3787.5639,3768.7573,3770.5705,143681658.0,000300.SH,2025-04-30,,,CNY
3794.3757,3809.0939,3782.777,3808.5424,158520459.0,000300.SH,2025-05-06,,,CNY
3861.5767,3863.6776,3814.9868,3831.627,161172299.0,000300.SH,2025-05-07,,,CNY
3820.5481,3867.3313,3816.2642,3852.8963,124959833.0,000300.SH,2025-05-08,,,CNY
3848.6187,3853.6632,3836.5349,3846.1566,119389526.0,000300.SH,2025-05-09,,,CNY
3866.5305,3890.7342,3859.0346,3890.6096,153332460.0,000300.SH,2025-05-12,,,CNY
3915.5924,3915.5924,3890.6855,3896.2583,147320299.0,000300.SH,2025-05-13,,,CNY
3894.8386,3960.5228,3890.6504,3943.2108,172033779.0,000300.SH,2025-05-14,,,CNY
3934.0273,3936.4653,3904.9068,3907.1992,138081749.0,000300.SH,2025-05-15,,,CNY
3898.6662,3903.8528,3874.8619,3889.0854,118405345.0,000300.SH,2025-05-16,,,CNY
3882.5677,3885.5889,3866.5695,3877.1453,98643414.0,000300.SH,2025-05-19,,,CNY
3883.1024,3911.4737,3881.7436,3898.1705,104885234.0,000300.SH,2025-05-20,,,CNY
3899.4365,3928.6339,3899.4365,3916.3807,109791343.0,000300.SH,2025-05-21,,,CNY
3912.6007,3923.0195,3903.0898,3913.8651,107597052.0,000300.SH,2025-05-22,,,CNY
3910.3739,3931.5514,3882.2741,3882.2741,120277419.0,000300.SH,2025-05-23,,,CNY
3875.7891,3884.537,3849.0384,3860.1067,109601207.0,000300.SH,2025-05-26,,,CNY
3857.6271,3865.4291,3834.8455,3839.3969,98572425.0,000300.SH,2025-05-27,,,CNY
3843.0747,3849.736,3833.9582,3836.2366,89031026.0,000300.SH,2025-05-28,,,CNY
3838.0092,3869.7909,3831.4577,3858.6998,108471886.0,000300.SH,2025-05-29,,,CNY
3850.493,3858.6128,3829.2542,3840.2323,111672228.0,000300.SH,2025-05-30,,,CNY
3833.4584,3863.2952,3832.7202,3852.0127,131403090.0,000300.SH,2025-06-03,,,CNY
3855.4878,3875.8569,3855.4878,3868.7429,116803873.0,000300.SH,2025-06-04,,,CNY
3872.6373,3883.1345,3861.272,3877.5557,122878184.0,000300.SH,2025-06-05,,,CNY
3878.1027,3889.4557,3869.3871,3873.9841,110987971.0,000300.SH,2025-06-06,,,CNY
3877.7977,3894.6517,3871.9917,3885.2459,136306293.0,000300.SH,2025-06-09,,,CNY
3887.5512,3897.4573,3850.4663,3865.4652,145563859.0,000300.SH,2025-06-10,,,CNY
3870.6719,3911.6107,3870.6719,3894.6252,142414772.0,000300.SH,2025-06-11,,,CNY
3885.5196,3900.0408,3870.3838,3892.1992,133998697.0,000300.SH,2025-06-12,,,CNY
3881.4923,3889.1602,3853.8186,3864.1822,172539536.0,000300.SH,2025-06-13,,,CNY
3853.6193,3876.1704,3853.6193,3873.7951,137341835.0,000300.SH,2025-06-16,,,CNY
3875.1768,3880.4156,3860.409,3870.3786,122342526.0,000300.SH,2025-06-17,,,CNY
3871.6502,3881.346,3854.6575,3874.9708,127528621.0,000300.SH,2025-06-18,,,CNY
3870.049,3872.9425,3834.9512,3843.0912,130280658.0,000300.SH,2025-06-19,,,CNY
3839.7833,3856.4799,3839.7833,3846.6443,118151020.0,000300.SH,2025-06-20,,,CNY
3831.1703,3867.5896,3827.0829,3857.9016,133800892.0,000300.SH,2025-06-23,,,CNY
3862.3876,3914.1579,3862.3876,3904.0342,163656188.0,000300.SH,2025-06-24,,,CNY
3907.0682,3963.0371,3902.1771,3960.0662,187213671.0,000300.SH,2025-06-25,,,CNY
3953.1603,3964.482,3945.2589,3946.0195,165316263.0,000300.SH,2025-06-26,,,CNY
3949.7879,3969.2626,3918.2041,3921.7578,194557913.0,000300.SH,2025-06-27,,,CNY
3920.3149,3940.3611,3911.6044,3936.0791,145170236.0,000300.SH,2025-06-30,,,CNY
3935.9078,3946.2451,3924.7219,3942.762,128959362.0,000300.SH,2025-07-01,,,CNY
3943.3232,3952.1378,3929.6956,3943.6849,147063062.0,000300.SH,2025-07-02,,,CNY
3949.3998,3971.616,3945.138,3968.0676,141004006.0,000300.SH,2025-07-03,,,CNY
3967.4637,4013.8478,3958.3762,3982.2034,157197133.0,000300.SH,2025-07-04,,,CNY
3977.2881,3979.7481,3956.5663,3965.1746,131135273.0,000300.SH,2025-07-07,,,CNY
3965.426,4002.269,3965.426,3998.4527,156402895.0,000300.SH,2025-07-08,,,CNY
3997.5044,4016.7434,3987.4267,3991.4006,173293796.0,000300.SH,2025-07-09,,,CNY
3993.4196,4032.9829,3992.5242,4010.0243,209778904.0,000300.SH,2025-07-10,,,CNY
4011.4652,4065.9419,4010.1052,4014.807,262052773.0,000300.SH,2025-07-11,,,CNY
4021.2135,4034.9198,4017.6678,4017.6678,207917175.0,000300.SH,2025-07-14,,,CNY
4023.9896,4042.6574,3994.2628,4019.0644,191042931.0,000300.SH,2025-07-15,,,CNY
4019.3925,4027.8567,3993.9209,4007.2019,151027308.0,000300.SH,2025-07-16,,,CNY
4005.067,4034.5935,4005.067,4034.491,161249041.0,000300.SH,2025-07-17,,,CNY
4039.8712,4064.6378,4039.3181,4058.5486,186211063.0,000300.SH,2025-07-18,,,CNY
4069.7685,4086.1171,4063.4427,4085.6072,223268476.0,000300.SH,2025-07-21,,,CNY
4087.3354,4119.2021,4068.3383,4118.9582,257596985.0,000300.SH,2025-07-22,,,CNY
4129.1476,4155.6783,4113.9085,4119.7685,300506154.0,000300.SH,2025-07-23,,,CNY
4116.8312,4152.4265,4111.8849,4149.0368,319632392.0,000300.SH,2025-07-24,,,CNY
4145.3195,4150.4994,4117.8005,4127.1634,273594963.0,000300.SH,2025-07-25,,,CNY
4128.1993,4146.12,4112.9677,4135.8242,222759815.0,000300.SH,2025-07-28,,,CNY
4132.6833,4153.3307,4117.5772,4152.0247,230807880.0,000300.SH,2025-07-29,,,CNY
4148.9405,4185.2064,4127.4301,4151.2379,249853048.0,000300.SH,2025-07-30,,,CNY
4141.5612,4141.8243,4063.6662,4075.5912,267087406.0,000300.SH,2025-07-31,,,CNY
4069.9254,4085.3543,4040.462,4054.9286,196221826.0,000300.SH,2025-08-01,,,CNY
4037.9378,4070.7023,4037.9378,4070.7023,162275902.0,000300.SH,2025-08-04,,,CNY
4080.3877,4106.2969,4075.5836,4103.45,178851999.0,000300.SH,2025-08-05,,,CNY
4100.4283,4116.7085,4098.3544,4113.4852,176676155.0,000300.SH,2025-08-06,,,CNY
4120.2822,4129.7382,4094.8214,4114.666,198641902.0,000300.SH,2025-08-07,,,CNY
4109.2734,4122.2104,4097.4157,4104.9669,173171201.0,000300.SH,2025-08-08,,,CNY
4110.2939,4134.2462,4103.605,4122.5106,190443716.0,000300.SH,2025-08-11,,,CNY
4123.5762,4153.2948,4121.2243,4143.8252,177287823.0,000300.SH,2025-08-12,,,CNY
4150.5037,4186.748,4147.1991,4176.5776,213934999.0,000300.SH,2025-08-13,,,CNY
4179.965,4220.3109,4165.9376,4173.3131,221103595.0,000300.SH,2025-08-14,,,CNY
4162.4205,4214.7291,4157.495,4202.3533,261327566.0,000300.SH,2025-08-15,,,CNY
4218.2471,4272.9602,4203.4191,4239.4125,301479102.0,000300.SH,2025-08-18,,,CNY
4241.7651,4264.2303,4215.2075,4223.3741,250818771.0,000300.SH,2025-08-19,,,CNY
4208.4005,4272.1463,4190.5559,4271.3958,246481773.0,000300.SH,2025-08-20,,,CNY
4284.3712,4308.4472,4273.6523,4288.0707,259030014.0,000300.SH,2025-08-21,,,CNY
4287.3633,4378.3881,4287.3633,4377.9977,290434897.0,000300.SH,2025-08-22,,,CNY
4416.2924,4472.6525,4404.7761,4469.2217,358090006.0,000300.SH,2025-08-25,,,CNY
4453.3526,4476.803,4435.5275,4452.5905,270621395.0,000300.SH,2025-08-26,,,CNY
4458.8399,4494.9126,4386.1266,4386.1266,333133898.0,000300.SH,2025-08-27,,,CNY
4378.0351,4464.8028,4364.171,4463.782,296834536.0,000300.SH,2025-08-28,,,CNY
4455.8034,4516.8395,4452.3632,4496.7591,351938947.0,000300.SH,2025-08-29,,,CNY
4516.8787,4528.1342,4487.5304,4523.7111,320366708.0,000300.SH,2025-09-01,,,CNY
4521.9828,4548.8937,4454.4169,4490.4528,303932566.0,000300.SH,2025-09-02,,,CNY
4501.3388,4510.7303,4427.5176,4459.8296,254320217.0,000300.SH,2025-09-03,,,CNY
4461.2503,4465.4967,4327.5068,4365.2085,307934609.0,000300.SH,2025-09-04,,,CNY
4365.6083,4466.5603,4350.2974,4460.3249,249625657.0,000300.SH,2025-09-05,,,CNY
4467.1693,4482.763,4438.0698,4467.5733,267638382.0,000300.SH,2025-09-08,,,CNY
4448.739,4472.093,4412.6914,4436.2584,221375460.0,000300.SH,2025-09-09,,,CNY
4438.2998,4466.6325,4414.5937,4445.3649,203597646.0,000300.SH,2025-09-10,,,CNY
4438.839,4548.0345,4427.9242,4548.0345,253264051.0,000300.SH,2025-09-11,,,CNY
4544.5905,4564.6665,4517.7897,4521.998,266442003.0,000300.SH,2025-09-12,,,CNY
4534.8866,4566.9053,4522.4958,4533.0557,231885678.0,000300.SH,2025-09-15,,,CNY
4539.9217,4552.419,4494.7875,4523.3367,249269206.0,000300.SH,2025-09-16,,,CNY
4517.2855,4556.0296,4503.7959,4551.023,235716472.0,000300.SH,2025-09-17,,,CNY
4546.0319,4573.8331,4454.9886,4498.109,309859826.0,000300.SH,2025-09-18,,,CNY
4499.0906,4533.0919,4491.8437,4501.9195,225044000.0,000300.SH,2025-09-19,,,CNY
4512.0251,4523.8695,4487.1299,4522.608,196459956.0,000300.SH,2025-09-22,,,CNY
4536.7569,4560.7319,4459.7281,4519.7781,252827062.0,000300.SH,2025-09-23,,,CNY
4495.2659,4567.4948,4494.1133,4566.0708,220482608.0,000300.SH,2025-09-24,,,CNY
4563.9827,4613.9486,4558.8424,4593.4875,229823333.0,000300.SH,2025-09-25,,,CNY
4576.9142,4597.8472,4550.0487,4550.0487,208482114.0,000300.SH,2025-09-26,,,CNY
4555.0342,4647.5691,4541.4252,4620.0528,274358877.0,000300.SH,2025-09-29,,,CNY
4629.8987,4647.5031,4616.2243,4640.6935,247980359.0,000300.SH,2025-09-30,,,CNY
4662.1133,4726.3449,4651.9895,4709.482,347678696.0,000300.SH,2025-10-09,,,CNY
4679.4983,4692.5858,4600.9646,4616.8341,319020899.0,000300.SH,2025-10-10,,,CNY
4490.8661,4601.8072,4490.8661,4593.9785,315010354.0,000300.SH,2025-10-13,,,CNY
4634.0543,4641.4492,4520.9258,4539.0644,372954030.0,000300.SH,2025-10-14,,,CNY
4544.2431,4608.8239,4526.834,4606.2879,284771855.0,000300.SH,2025-10-15,,,CNY
4588.9206,4645.0959,4586.2801,4618.4218,248235518.0,000300.SH,2025-10-16,,,CNY
4610.6967,4618.5621,4509.3289,4514.2345,256905617.0,000300.SH,2025-10-17,,,CNY
4558.2421,4570.4376,4520.5024,4538.2201,218420405.0,000300.SH,2025-10-20,,,CNY
4556.1224,4615.463,4547.9283,4607.8715,215711175.0,000300.SH,2025-10-21,,,CNY
4576.0277,4603.4884,4567.2361,4592.57,185333960.0,000300.SH,2025-10-22,,,CNY
4578.7018,4611.3409,4541.6944,4606.3447,200463917.0,000300.SH,2025-10-23,,,CNY
4622.7873,4660.6835,4622.7873,4660.6835,208814483.0,000300.SH,2025-10-24,,,CNY
4699.3819,4720.4288,4687.6876,4716.0186,262200674.0,000300.SH,2025-10-27,,,CNY
4697.7277,4734.3218,4679.2288,4691.973,220906645.0,000300.SH,2025-10-28,,,CNY
4701.0362,4747.8378,4697.268,4747.8378,246211324.0,000300.SH,2025-10-29,,,CNY
4735.9807,4761.8339,4706.452,4709.911,273289118.0,000300.SH,2025-10-30,,,CNY
4702.4946,4706.1395,4640.6676,4640.6676,281464740.0,000300.SH,2025-10-31,,,CNY
4636.7323,4653.4028,4595.7339,4653.4028,239869809.0,000300.SH,2025-11-03,,,CNY
4649.3481,4665.323,4595.066,4618.699,233224032.0,000300.SH,2025-11-04,,,CNY
4562.1117,4642.6101,4558.7647,4627.257,203045871.0,000300.SH,2025-11-05,,,CNY
4642.0112,4698.0935,4642.0112,4693.4032,224241008.0,000300.SH,2025-11-06,,,CNY
4673.7616,4701.3743,4666.0405,4678.7944,212497377.0,000300.SH,2025-11-07,,,CNY
4688.124,4695.1794,4654.2103,4695.0507,236026764.0,000300.SH,2025-11-10,,,CNY
4706.3374,4707.1275,4648.4896,4652.1655,186638858.0,000300.SH,2025-11-11,,,CNY
4643.5592,4669.6073,4620.9897,4645.9079,209460592.0,000300.SH,2025-11-12,,,CNY
4643.7862,4703.4897,4643.7862,4702.0738,207367474.0,000300.SH,2025-11-13,,,CNY
4663.3175,4684.2578,4628.0242,4628.1398,192092676.0,000300.SH,2025-11-14,,,CNY
4616.8058,4624.8976,4580.2613,4598.0525,188955466.0,000300.SH,2025-11-17,,,CNY
4584.7896,4606.6167,4552.8038,4568.1928,177713185.0,000300.SH,2025-11-18,,,CNY
4568.0365,4607.8627,4568.0365,4588.2922,172924974.0,000300.SH,2025-11-19,,,CNY
4619.5401,4620.6529,4560.1814,4564.9483,194562593.0,000300.SH,2025-11-20,,,CNY
4513.3858,4527.0436,4453.1819,4453.6076,222851013.0,000300.SH,2025-11-21,,,CNY
4473.1563,4478.8081,4421.8123,4448.0478,185833729.0,000300.SH,2025-11-24,,,CNY
4475.8359,4510.7729,4467.3529,4490.4047,169571929.0,000300.SH,2025-11-25,,,CNY
4490.2021,4538.1361,4485.6984,4517.6255,156200368.0,000300.SH,2025-11-26,,,CNY
4520.014,4559.2183,4509.8635,4515.4027,150311772.0,000300.SH,2025-11-27,,,CNY
4511.4972,4531.7219,4492.4256,4526.6616,142902096.0,000300.SH,2025-11-28,,,CNY
4539.1877,4576.9654,4531.2917,4576.4856,200382317.0,000300.SH,2025-12-01,,,CNY
4571.9098,4575.4945,4539.4312,4554.3347,148493132.0,000300.SH,2025-12-02,,,CNY
4554.5894,4569.821,4523.5017,4531.0486,169762790.0,000300.SH,2025-12-03,,,CNY
4533.6004,4557.4228,4514.1878,4546.5664,147198110.0,000300.SH,2025-12-04,,,CNY
4547.9056,4593.8279,4535.0195,4584.5368,196799968.0,000300.SH,2025-12-05,,,CNY
4593.1399,4640.6256,4592.7414,4621.7545,199620990.0,000300.SH,2025-12-08,,,CNY
4611.379,4628.7049,4584.254,4598.2232,184160344.0,000300.SH,2025-12-09,,,CNY
4586.254,4598.5366,4549.0798,4591.8273,169111106.0,000300.SH,2025-12-10,,,CNY
4597.1901,4610.2787,4547.1372,4552.1848,168419405.0,000300.SH,2025-12-11,,,CNY
4558.7375,4583.6753,4530.7841,4580.95,212826520.0,000300.SH,2025-12-12,,,CNY
4550.0028,4595.0463,4548.4382,4552.0596,167589967.0,000300.SH,2025-12-15,,,CNY
4542.4226,4553.0806,4484.27,4497.5545,165165201.0,000300.SH,2025-12-16,,,CNY
4499.7729,4594.6556,4498.9304,4579.875,178424830.0,000300.SH,2025-12-17,,,CNY
4553.9788,4571.9683,4544.1416,4552.7926,151681328.0,000300.SH,2025-12-18,,,CNY
4561.3729,4591.0931,4546.8465,4568.1781,154876220.0,000300.SH,2025-12-19,,,CNY
4587.6683,4615.8721,4587.6683,4611.6235,165252856.0,000300.SH,2025-12-22,,,CNY
4616.026,4644.5347,4607.7992,4620.7341,169256412.0,000300.SH,2025-12-23,,,CNY
4623.6831,4639.4278,4602.1444,4634.0586,153711241.0,000300.SH,2025-12-24,,,CNY
4629.3195,4651.1535,4621.9208,4642.5357,139434186.0,000300.SH,2025-12-25,,,CNY
4639.7895,4676.131,4635.1052,4657.24,175396565.0,000300.SH,2025-12-26,,,CNY
4658.2654,4672.0352,4629.0567,4639.3721,200397133.0,000300.SH,2025-12-29,,,CNY
4617.3163,4664.3305,4616.6323,4651.2818,180374974.0,000300.SH,2025-12-30,,,CNY
4656.48,4667.0467,4622.0988,4629.9395,170760224.0,000300.SH,2025-12-31,,,CNY
4661.616,4721.6378,4661.616,4717.7457,234144839.0,000300.SH,2026-01-05,,,CNY
4719.2088,4790.6938,4718.0099,4790.6938,296970686.0,000300.SH,2026-01-06,,,CNY
4796.9335,4802.6028,4751.0713,4776.6658,259095564.0,000300.SH,2026-01-07,,,CNY
4761.0105,4765.4863,4717.0091,4737.6536,238804957.0,000300.SH,2026-01-08,,,CNY
4725.9571,4771.4276,4719.134,4758.9221,254688038.0,000300.SH,2026-01-09,,,CNY
4769.6501,4795.9327,4737.5702,4789.9155,294833165.0,000300.SH,2026-01-12,,,CNY
4798.0488,4836.9549,4745.5154,4761.0324,301449497.0,000300.SH,2026-01-13,,,CNY
4767.6956,4818.1008,4720.246,4741.9306,364951023.0,000300.SH,2026-01-14,,,CNY
4721.7966,4769.5478,4720.9368,4751.4293,254003636.0,000300.SH,2026-01-15,,,CNY
4778.4302,4792.5514,4715.3646,4731.8728,325278929.0,000300.SH,2026-01-16,,,CNY
4720.1945,4761.6317,4715.0867,4734.4556,267612492.0,000300.SH,2026-01-19,,,CNY
4736.9096,4748.2297,4684.9684,4718.8782,282719579.0,000300.SH,2026-01-20,,,CNY
4714.5541,4758.2793,4714.2366,4723.0692,266353332.0,000300.SH,2026-01-21,,,CNY
4741.7548,4757.7637,4700.4482,4723.7091,274199932.0,000300.SH,2026-01-22,,,CNY
4729.585,4734.7942,4684.6172,4702.4966,314635445.0,000300.SH,2026-01-23,,,CNY
4715.3753,4754.1777,4693.1577,4706.964,363004481.0,000300.SH,2026-01-26,,,CNY
4705.1744,4736.9857,4675.6409,4705.6918,301475697.0,000300.SH,2026-01-27,,,CNY
4725.6014,4739.6257,4697.9063,4717.9914,382255602.0,000300.SH,2026-01-28,,,CNY
4733.0879,4770.9599,4696.0536,4753.8697,415513055.0,000300.SH,2026-01-29,,,CNY
4723.081,4738.8711,4645.4706,4706.3401,319786531.0,000300.SH,2026-01-30,,,CNY
4674.2759,4716.6069,4601.7603,4605.9799,304773500.0,000300.SH,2026-02-02,,,CNY
4648.3574,4662.1264,4578.2087,4660.1074,265549405.0,000300.SH,2026-02-03,,,CNY
4647.9671,4701.4768,4641.8424,4698.6832,264881032.0,000300.SH,2026-02-04,,,CNY
4664.7478,4687.0213,4639.43,4670.4188,237856351.0,000300.SH,2026-02-05,,,CNY
4622.9747,4678.2618,4606.6379,4643.5959,202716477.0,000300.SH,2026-02-06,,,CNY
4693.6715,4719.9642,4679.9037,4719.0559,207251938.0,000300.SH,2026-02-09,,,CNY
4718.2552,4732.0871,4713.8684,4724.2956,187000958.0,000300.SH,2026-02-10,,,CNY
4715.6697,4723.7043,4703.6873,4713.8185,173391681.0,000300.SH,2026-02-11,,,CNY
4720.0085,4726.0426,4707.7359,4719.578,197841439.0,000300.SH,2026-02-12,,,CNY
4693.4106,4703.6332,4658.4038,4660.4056,189167756.0,000300.SH,2026-02-13,,,CNY
4727.2961,4727.373,4698.3488,4707.544,218488890.0,000300.SH,2026-02-24,,,CNY
4713.5754,4766.5587,4713.3438,4735.8858,284268354.0,000300.SH,2026-02-25,,,CNY
4741.3896,4742.1476,4706.6943,4726.8739,234847644.0,000300.SH,2026-02-26,,,CNY
4698.3,4721.0141,4692.891,4710.6469,261420865.0,000300.SH,2026-02-27,,,CNY
4681.0141,4735.4055,4667.2752,4728.6688,349260752.0,000300.SH,2026-03-02,,,CNY
4737.3164,4744.5987,4651.4047,4655.8962,370624272.0,000300.SH,2026-03-03,,,CNY
4609.1918,4639.4204,4575.8249,4602.6247,303035666.0,000300.SH,2026-03-04,,,CNY
4651.9415,4671.5268,4630.3024,4647.6921,259317825.0,000300.SH,2026-03-05,,,CNY
4621.4939,4671.7126,4612.7943,4660.439,238527926.0,000300.SH,2026-03-06,,,CNY
4600.2535,4625.9814,4548.969,4615.4551,322787617.0,000300.SH,2026-03-09,,,CNY
4648.7851,4677.5958,4648.7851,4674.7562,263903748.0,000300.SH,2026-03-10,,,CNY
4681.0316,4711.8671,4674.7088,4704.4959,270175443.0,000300.SH,2026-03-11,,,CNY
4700.7205,4704.3791,4654.3147,4687.5601,302986816.0,000300.SH,2026-03-12,,,CNY
4669.0619,4707.4194,4659.4979,4669.14,310772009.0,000300.SH,2026-03-13,,,CNY
4669.2241,4673.6929,4621.8118,4671.5591,296215070.0,000300.SH,2026-03-16,,,CNY
4685.5697,4720.8608,4637.368,4637.4392,263021913.0,000300.SH,2026-03-17,,,CNY
4648.7517,4662.2936,4604.5163,4658.3324,234690705.0,000300.SH,2026-03-18,,,CNY
4611.4399,4634.5468,4570.392,4583.2511,254130449.0,000300.SH,2026-03-19,,,CNY
4602.8205,4628.7118,4563.0687,4567.0179,257873703.0,000300.SH,2026-03-20,,,CNY
4499.1004,4514.7182,4397.5661,4417.9971,328081945.0,000300.SH,2026-03-23,,,CNY
4458.9074,4474.825,4394.2943,4474.7224,255532517.0,000300.SH,2026-03-24,,,CNY
4506.6247,4542.1806,4502.0265,4537.4656,262639279.0,000300.SH,2026-03-25,,,CNY
4525.3291,4541.0502,4468.9571,4477.5343,213736788.0,000300.SH,2026-03-26,,,CNY
4431.5034,4519.8903,4431.4205,4502.5698,192400388.0,000300.SH,2026-03-27,,,CNY
4461.7367,4496.4109,4447.1373,4491.95,209293092.0,000300.SH,2026-03-30,,,CNY
4491.9209,4523.1745,4450.0493,4450.0493,224541585.0,000300.SH,2026-03-31,,,CNY
4517.2717,4532.1093,4492.0544,4526.0668,216483196.0,000300.SH,2026-04-01,,,CNY
4514.4416,4519.6931,4459.6095,4478.9141,190992161.0,000300.SH,2026-04-02,,,CNY
4492.8461,4494.4571,4437.5952,4440.7889,168321705.0,000300.SH,2026-04-03,,,CNY
4445.8613,4458.9264,4420.6939,4440.6162,162638787.0,000300.SH,2026-04-07,,,CNY
4517.3403,4595.556,4513.7705,4595.556,253339213.0,000300.SH,2026-04-08,,,CNY
4562.6696,4579.197,4552.4244,4566.2237,184939783.0,000300.SH,2026-04-09,,,CNY
4594.9467,4655.0988,4590.1089,4636.5655,208678605.0,000300.SH,2026-04-10,,,CNY
4615.133,4653.3983,4615.133,4646.1546,196712277.0,000300.SH,2026-04-13,,,CNY
4676.1235,4701.2837,4654.8526,4701.2837,204700332.0,000300.SH,2026-04-14,,,CNY
4726.6381,4731.2729,4672.556,4685.2464,201688500.0,000300.SH,2026-04-15,,,CNY
4694.4309,4739.2208,4689.414,4736.6077,192057600.0,000300.SH,2026-04-16,,,CNY
4728.9951,4738.3236,4714.4669,4728.6716,182915336.0,000300.SH,2026-04-17,,,CNY
4727.1661,4763.0427,4720.6853,4757.4419,221633494.0,000300.SH,2026-04-20,,,CNY
4750.5149,4776.8258,4722.0074,4767.997,205614058.0,000300.SH,2026-04-21,,,CNY
4751.2794,4801.4465,4750.3502,4799.627,204481830.0,000300.SH,2026-04-22,,,CNY
4816.0267,4823.4704,4759.86,4786.3273,232865736.0,000300.SH,2026-04-23,,,CNY
4771.7348,4786.444,4735.606,4769.3688,193798314.0,000300.SH,2026-04-24,,,CNY
4776.3351,4795.1682,4762.6441,4770.9469,192796550.0,000300.SH,2026-04-27,,,CNY
4757.0766,4778.1891,4743.4355,4758.2083,216724233.0,000300.SH,2026-04-28,,,CNY
4737.5755,4813.6104,4737.1139,4810.3468,233298110.0,000300.SH,2026-04-29,,,CNY
4820.9716,4829.2715,4797.5445,4807.3069,250633370.0,000300.SH,2026-04-30,,,CNY
4857.6537,4892.7957,4834.2807,4877.0932,274443880.0,000300.SH,2026-05-06,,,CNY
4895.8001,4901.8575,4866.8749,4900.5098,257833972.0,000300.SH,2026-05-07,,,CNY
4871.1185,4887.2129,4849.9871,4871.9122,251720996.0,000300.SH,2026-05-08,,,CNY
4902.2775,4960.3975,4889.5659,4951.8366,305734801.0,000300.SH,2026-05-11,,,CNY
4965.0175,4971.3026,4926.7897,4948.0465,273812001.0,000300.SH,2026-05-12,,,CNY
4919.4248,5001.1201,4919.4248,4998.3417,268454537.0,000300.SH,2026-05-13,,,CNY
5027.6405,5030.5187,4913.6037,4914.5971,280695379.0,000300.SH,2026-05-14,,,CNY
4911.6223,4935.6173,4832.6899,4859.5927,276967769.0,000300.SH,2026-05-15,,,CNY
4836.3286,4868.6008,4806.1455,4833.5237,239077587.0,000300.SH,2026-05-18,,,CNY
4818.7051,4854.5247,4773.534,4852.8832,232280852.0,000300.SH,2026-05-19,,,CNY
4829.6129,4866.2121,4825.643,4850.7,220023206.0,000300.SH,2026-05-20,,,CNY
4886.2389,4937.9327,4780.7107,4783.0976,287342507.0,000300.SH,2026-05-21,,,CNY
4818.8435,4851.3489,4785.3486,4845.0956,286940435.0,000300.SH,2026-05-22,,,CNY
409.63,414.79,405.33,408.25,137532.72,300750.SZ,2023-05-25,宁德时代,,CNY
408.45,408.99,396.24,400.8,182116.95,300750.SZ,2023-05-26,宁德时代,,CNY
404.8,404.84,392.78,395.44,165371.61,300750.SZ,2023-05-29,宁德时代,,CNY
395.33,409.89,393.53,409.89,264670.83,300750.SZ,2023-05-30,宁德时代,,CNY
410.0,413.35,401.09,402.93,188697.44,300750.SZ,2023-05-31,宁德时代,,CNY
405.65,415.42,403.59,406.12,159410.49,300750.SZ,2023-06-01,宁德时代,,CNY
409.77,419.04,408.13,416.22,231814.83,300750.SZ,2023-06-02,宁德时代,,CNY
411.59,411.59,394.26,400.48,335951.14,300750.SZ,2023-06-05,宁德时代,,CNY
397.21,405.03,395.34,399.53,172425.26,300750.SZ,2023-06-06,宁德时代,,CNY
394.24,394.46,372.51,377.7,500939.39,300750.SZ,2023-06-07,宁德时代,,CNY
387.63,388.63,377.15,378.99,238579.4,300750.SZ,2023-06-08,宁德时代,,CNY
379.98,388.32,379.98,386.34,242617.28,300750.SZ,2023-06-09,宁德时代,,CNY
386.17,389.91,380.62,386.17,181316.32,300750.SZ,2023-06-12,宁德时代,,CNY
384.46,389.78,383.86,388.27,132436.99,300750.SZ,2023-06-13,宁德时代,,CNY
395.65,396.52,388.09,388.81,163629.27,300750.SZ,2023-06-14,宁德时代,,CNY
391.71,420.66,391.53,420.66,504956.82,300750.SZ,2023-06-15,宁德时代,,CNY
422.7,426.66,415.96,421.06,296398.28,300750.SZ,2023-06-16,宁德时代,,CNY
424.51,424.51,411.77,415.2,187070.81,300750.SZ,2023-06-19,宁德时代,,CNY
415.18,421.45,411.35,415.42,179605.01,300750.SZ,2023-06-20,宁德时代,,CNY
416.89,419.97,409.77,409.79,171184.38,300750.SZ,2023-06-21,宁德时代,,CNY
400.68,413.5,400.26,410.26,159106.09,300750.SZ,2023-06-26,宁德时代,,CNY
408.09,412.32,402.99,407.16,134206.48,300750.SZ,2023-06-27,宁德时代,,CNY
404.88,412.68,404.48,409.04,135586.44,300750.SZ,2023-06-28,宁德时代,,CNY
407.24,413.43,405.4,405.4,99302.33,300750.SZ,2023-06-29,宁德时代,,CNY
408.11,419.04,401.48,416.86,215515.22,300750.SZ,2023-06-30,宁德时代,,CNY
422.61,426.26,416.42,418.84,155543.52,300750.SZ,2023-07-03,宁德时代,,CNY
416.33,419.15,414.83,417.69,101556.73,300750.SZ,2023-07-04,宁德时代,,CNY
417.71,419.81,410.86,414.52,86364.14,300750.SZ,2023-07-05,宁德时代,,CNY
413.59,416.29,408.07,409.68,102835.68,300750.SZ,2023-07-06,宁德时代,,CNY
409.59,409.68,403.76,404.94,98083.77,300750.SZ,2023-07-07,宁德时代,,CNY
406.31,419.06,406.31,416.87,160938.31,300750.SZ,2023-07-10,宁德时代,,CNY
418.42,419.04,412.83,417.4,91587.87,300750.SZ,2023-07-11,宁德时代,,CNY
416.33,417.97,412.68,413.58,86932.6,300750.SZ,2023-07-12,宁德时代,,CNY
415.8,428.17,415.8,419.06,222576.72,300750.SZ,2023-07-13,宁德时代,,CNY
419.33,420.75,412.77,415.93,130040.91,300750.SZ,2023-07-14,宁德时代,,CNY
413.61,415.42,407.4,411.13,104525.22,300750.SZ,2023-07-17,宁德时代,,CNY
415.05,415.2,409.04,410.86,85757.76,300750.SZ,2023-07-18,宁德时代,,CNY
408.13,409.86,398.25,399.93,176001.82,300750.SZ,2023-07-19,宁德时代,,CNY
399.02,413.03,399.02,402.75,144416.48,300750.SZ,2023-07-20,宁德时代,,CNY
402.39,406.27,400.4,403.74,83935.26,300750.SZ,2023-07-21,宁德时代,,CNY
395.65,402.44,390.16,398.98,137193.39,300750.SZ,2023-07-24,宁德时代,,CNY
409.77,414.76,402.7,412.41,192862.45,300750.SZ,2023-07-25,宁德时代,,CNY
410.17,413.59,407.51,412.97,154567.86,300750.SZ,2023-07-26,宁德时代,,CNY
420.88,424.31,413.38,413.56,208592.35,300750.SZ,2023-07-27,宁德时代,,CNY
413.56,420.88,410.04,419.15,188030.95,300750.SZ,2023-07-28,宁德时代,,CNY
426.35,436.37,424.71,433.18,299027.54,300750.SZ,2023-07-31,宁德时代,,CNY
432.54,435.64,427.26,429.08,156151.68,300750.SZ,2023-08-01,宁德时代,,CNY
431.81,436.35,429.08,430.9,141471.85,300750.SZ,2023-08-02,宁德时代,,CNY
429.99,437.23,429.14,435.71,161805.26,300750.SZ,2023-08-03,宁德时代,,CNY
446.39,455.43,439.3,447.32,315696.75,300750.SZ,2023-08-04,宁德时代,,CNY
445.48,449.92,443.31,449.1,149277.49,300750.SZ,2023-08-07,宁德时代,,CNY
448.18,454.28,446.17,450.29,150666.76,300750.SZ,2023-08-08,宁德时代,,CNY
447.3,451.27,443.0,450.03,116846.61,300750.SZ,2023-08-09,宁德时代,,CNY
451.67,457.92,444.79,449.12,140409.64,300750.SZ,2023-08-10,宁德时代,,CNY
453.59,453.59,440.01,440.01,172040.64,300750.SZ,2023-08-11,宁德时代,,CNY
435.82,437.24,419.44,424.34,256932.18,300750.SZ,2023-08-14,宁德时代,,CNY
424.31,427.44,417.97,421.43,146100.73,300750.SZ,2023-08-15,宁德时代,,CNY
421.83,427.04,419.26,423.8,140090.45,300750.SZ,2023-08-16,宁德时代,,CNY
428.15,430.9,417.02,428.63,204427.73,300750.SZ,2023-08-17,宁德时代,,CNY
428.7,435.68,427.11,429.76,167699.98,300750.SZ,2023-08-18,宁德时代,,CNY
426.33,429.76,423.07,424.45,107804.39,300750.SZ,2023-08-21,宁德时代,,CNY
427.81,428.5,414.52,420.43,151889.41,300750.SZ,2023-08-22,宁德时代,,CNY
420.34,422.52,413.59,414.5,118749.11,300750.SZ,2023-08-23,宁德时代,,CNY
417.02,421.87,412.68,417.15,141577.16,300750.SZ,2023-08-24,宁德时代,,CNY
415.29,419.01,411.43,416.04,111851.29,300750.SZ,2023-08-25,宁德时代,,CNY
440.01,444.5,418.15,419.97,223115.15,300750.SZ,2023-08-28,宁德时代,,CNY
421.25,442.75,420.74,434.55,291749.95,300750.SZ,2023-08-29,宁德时代,,CNY
436.19,440.92,432.73,432.73,145916.37,300750.SZ,2023-08-30,宁德时代,,CNY
432.0,434.55,430.23,430.99,96715.27,300750.SZ,2023-08-31,宁德时代,,CNY
431.09,436.39,427.44,430.72,91011.32,300750.SZ,2023-09-01,宁德时代,,CNY
434.02,435.02,425.25,433.0,140523.87,300750.SZ,2023-09-04,宁德时代,,CNY
431.81,436.37,430.28,431.49,115816.65,300750.SZ,2023-09-05,宁德时代,,CNY
430.08,432.12,424.16,427.11,124747.83,300750.SZ,2023-09-06,宁德时代,,CNY
424.53,425.89,412.7,412.7,192660.9,300750.SZ,2023-09-07,宁德时代,,CNY
409.95,413.96,401.75,406.2,164994.43,300750.SZ,2023-09-08,宁德时代,,CNY
406.12,407.31,400.26,403.63,170608.97,300750.SZ,2023-09-11,宁德时代,,CNY
404.48,405.23,396.36,397.07,182312.09,300750.SZ,2023-09-12,宁德时代,,CNY
395.37,399.29,391.78,394.65,151356.93,300750.SZ,2023-09-13,宁德时代,,CNY
389.32,394.1,388.14,391.6,182941.04,300750.SZ,2023-09-14,宁德时代,,CNY
386.26,389.91,376.43,378.54,336799.92,300750.SZ,2023-09-15,宁德时代,,CNY
375.33,391.17,375.33,388.2,265934.85,300750.SZ,2023-09-18,宁德时代,,CNY
388.2,388.96,383.71,386.85,150243.95,300750.SZ,2023-09-19,宁德时代,,CNY
388.09,388.69,380.21,382.44,130874.85,300750.SZ,2023-09-20,宁德时代,,CNY
382.64,384.35,376.55,376.66,162149.29,300750.SZ,2023-09-21,宁德时代,,CNY
374.42,385.26,374.42,384.31,225090.65,300750.SZ,2023-09-22,宁德时代,,CNY
388.12,389.22,380.27,381.31,136053.55,300750.SZ,2023-09-25,宁德时代,,CNY
376.55,377.79,370.78,372.6,202537.82,300750.SZ,2023-09-26,宁德时代,,CNY
375.88,379.87,368.86,371.07,218489.59,300750.SZ,2023-09-27,宁德时代,,CNY
371.69,376.24,369.1,369.92,158095.24,300750.SZ,2023-09-28,宁德时代,,CNY
366.22,366.73,351.65,356.2,337428.26,300750.SZ,2023-10-09,宁德时代,,CNY
360.54,360.76,354.78,354.78,198654.6,300750.SZ,2023-10-10,宁德时代,,CNY
360.52,361.85,353.65,354.87,202482.45,300750.SZ,2023-10-11,宁德时代,,CNY
355.31,360.39,353.47,357.0,242059.12,300750.SZ,2023-10-12,宁德时代,,CNY
353.19,354.98,345.45,347.27,284222.38,300750.SZ,2023-10-13,宁德时代,,CNY
346.8,347.15,335.08,336.63,246836.49,300750.SZ,2023-10-16,宁德时代,,CNY
338.0,344.9,336.29,337.87,215583.0,300750.SZ,2023-10-17,宁德时代,,CNY
337.25,342.99,334.52,339.44,176519.25,300750.SZ,2023-10-18,宁德时代,,CNY
336.0,338.31,332.11,332.88,174541.6,300750.SZ,2023-10-19,宁德时代,,CNY
326.14,341.97,326.14,329.78,300268.93,300750.SZ,2023-10-20,宁德时代,,CNY
328.51,328.51,320.31,322.97,202233.21,300750.SZ,2023-10-23,宁德时代,,CNY
324.32,326.5,319.4,321.44,243794.59,300750.SZ,2023-10-24,宁德时代,,CNY
324.68,327.05,320.09,320.64,215341.81,300750.SZ,2023-10-25,宁德时代,,CNY
317.03,324.86,307.57,324.44,414205.67,300750.SZ,2023-10-26,宁德时代,,CNY
324.04,338.67,320.71,336.56,477952.83,300750.SZ,2023-10-27,宁德时代,,CNY
340.71,345.96,336.71,342.57,322594.92,300750.SZ,2023-10-30,宁德时代,,CNY
340.13,341.11,336.34,338.16,181525.35,300750.SZ,2023-10-31,宁德时代,,CNY
338.51,346.73,336.16,341.7,197272.65,300750.SZ,2023-11-01,宁德时代,,CNY
343.45,345.96,338.11,338.11,137626.77,300750.SZ,2023-11-02,宁德时代,,CNY
338.89,343.77,336.34,341.52,143654.5,300750.SZ,2023-11-03,宁德时代,,CNY
343.57,359.12,343.36,359.08,349684.3,300750.SZ,2023-11-06,宁德时代,,CNY
357.09,357.31,346.4,348.44,260802.93,300750.SZ,2023-11-07,宁德时代,,CNY
346.51,351.54,346.18,349.53,146521.66,300750.SZ,2023-11-08,宁德时代,,CNY
347.33,350.88,347.15,348.82,109970.97,300750.SZ,2023-11-09,宁德时代,,CNY
344.36,346.13,342.63,344.41,116099.56,300750.SZ,2023-11-10,宁德时代,,CNY
349.82,350.19,340.75,342.26,125195.95,300750.SZ,2023-11-13,宁德时代,,CNY
342.26,343.99,333.43,334.66,234882.84,300750.SZ,2023-11-14,宁德时代,,CNY
340.51,343.61,334.48,336.12,238071.91,300750.SZ,2023-11-15,宁德时代,,CNY
337.94,337.96,328.14,330.06,174662.0,300750.SZ,2023-11-16,宁德时代,,CNY
327.69,330.24,327.03,329.29,110840.35,300750.SZ,2023-11-17,宁德时代,,CNY
329.31,331.24,326.16,328.51,124087.19,300750.SZ,2023-11-20,宁德时代,,CNY
331.6,335.25,327.98,329.07,197662.21,300750.SZ,2023-11-21,宁德时代,,CNY
327.14,330.33,322.49,322.49,186885.69,300750.SZ,2023-11-22,宁德时代,,CNY
320.69,323.77,318.65,323.77,157202.53,300750.SZ,2023-11-23,宁德时代,,CNY
322.55,324.68,317.94,318.85,166212.48,300750.SZ,2023-11-24,宁德时代,,CNY
317.56,317.94,310.83,311.02,184220.07,300750.SZ,2023-11-27,宁德时代,,CNY
309.79,313.33,307.68,313.24,202107.3,300750.SZ,2023-11-28,宁德时代,,CNY
311.56,312.25,303.13,304.0,251885.27,300750.SZ,2023-11-29,宁德时代,,CNY
301.03,307.3,299.7,304.27,230271.61,300750.SZ,2023-11-30,宁德时代,,CNY
304.8,305.55,299.59,301.54,169622.09,300750.SZ,2023-12-01,宁德时代,,CNY
297.9,299.61,293.78,294.53,239304.01,300750.SZ,2023-12-04,宁德时代,,CNY
291.79,295.84,289.06,289.35,248077.39,300750.SZ,2023-12-05,宁德时代,,CNY
289.06,304.02,288.28,296.77,367692.76,300750.SZ,2023-12-06,宁德时代,,CNY
295.16,303.11,294.44,299.7,269084.27,300750.SZ,2023-12-07,宁德时代,,CNY
300.63,303.05,297.2,298.06,245020.47,300750.SZ,2023-12-08,宁德时代,,CNY
295.18,301.89,291.81,301.27,214895.69,300750.SZ,2023-12-11,宁德时代,,CNY
298.81,301.03,296.95,298.13,147338.77,300750.SZ,2023-12-12,宁德时代,,CNY
296.17,298.06,289.17,290.34,252593.99,300750.SZ,2023-12-13,宁德时代,,CNY
293.12,294.23,285.03,285.38,227514.0,300750.SZ,2023-12-14,宁德时代,,CNY
286.42,289.11,281.68,282.41,202046.35,300750.SZ,2023-12-15,宁德时代,,CNY
278.97,280.02,266.52,267.78,429129.2,300750.SZ,2023-12-18,宁德时代,,CNY
266.58,273.26,266.5,271.48,251851.81,300750.SZ,2023-12-19,宁德时代,,CNY
271.84,275.49,270.24,270.48,212493.68,300750.SZ,2023-12-20,宁德时代,,CNY
268.87,283.01,268.87,281.3,421315.01,300750.SZ,2023-12-21,宁德时代,,CNY
279.68,288.62,277.31,284.76,280321.27,300750.SZ,2023-12-22,宁德时代,,CNY
283.32,287.66,282.05,287.04,130056.08,300750.SZ,2023-12-25,宁德时代,,CNY
286.0,286.97,281.94,284.47,127672.52,300750.SZ,2023-12-26,宁德时代,,CNY
287.02,287.88,280.35,281.19,173564.6,300750.SZ,2023-12-27,宁德时代,,CNY
280.99,297.28,279.8,296.97,378501.79,300750.SZ,2023-12-28,宁德时代,,CNY
298.77,300.63,295.16,297.46,226837.82,300750.SZ,2023-12-29,宁德时代,,CNY
295.56,296.13,285.36,285.74,214032.68,300750.SZ,2024-01-02,宁德时代,,CNY
284.41,286.56,281.32,283.87,197575.81,300750.SZ,2024-01-03,宁德时代,,CNY
283.32,283.72,272.88,275.49,272417.62,300750.SZ,2024-01-04,宁德时代,,CNY
275.1,281.92,272.37,274.94,210353.18,300750.SZ,2024-01-05,宁德时代,,CNY
273.66,279.48,271.62,273.3,193854.05,300750.SZ,2024-01-08,宁德时代,,CNY
273.23,275.8,265.56,270.93,233916.25,300750.SZ,2024-01-09,宁德时代,,CNY
267.72,278.97,267.01,274.5,232119.6,300750.SZ,2024-01-10,宁德时代,,CNY
274.5,287.46,270.59,282.08,328018.02,300750.SZ,2024-01-11,宁德时代,,CNY
280.59,286.66,277.31,281.74,254622.28,300750.SZ,2024-01-12,宁德时代,,CNY
279.68,280.04,272.12,276.4,172721.93,300750.SZ,2024-01-15,宁德时代,,CNY
276.32,286.51,274.32,285.96,284692.7,300750.SZ,2024-01-16,宁德时代,,CNY
285.8,285.8,276.49,277.38,217615.25,300750.SZ,2024-01-17,宁德时代,,CNY
273.48,282.77,273.32,281.7,307787.79,300750.SZ,2024-01-18,宁德时代,,CNY
280.22,287.68,279.49,282.23,265949.08,300750.SZ,2024-01-19,宁德时代,,CNY
279.68,291.43,274.48,283.61,404888.1,300750.SZ,2024-01-22,宁德时代,,CNY
282.41,289.33,279.11,280.42,323058.95,300750.SZ,2024-01-23,宁德时代,,CNY
281.5,282.39,272.41,279.64,248709.83,300750.SZ,2024-01-24,宁德时代,,CNY
276.94,282.59,272.77,282.41,294796.09,300750.SZ,2024-01-25,宁德时代,,CNY
277.86,281.46,273.3,273.3,271812.7,300750.SZ,2024-01-26,宁德时代,,CNY
272.28,274.72,267.87,267.87,217675.0,300750.SZ,2024-01-29,宁德时代,,CNY
265.1,268.64,255.81,256.45,327274.25,300750.SZ,2024-01-30,宁德时代,,CNY
264.19,278.69,262.37,276.2,595221.08,300750.SZ,2024-01-31,宁德时代,,CNY
276.18,277.89,270.71,271.51,279688.44,300750.SZ,2024-02-01,宁德时代,,CNY
269.66,271.48,261.22,266.01,307060.37,300750.SZ,2024-02-02,宁德时代,,CNY
259.84,281.5,259.27,276.83,471326.13,300750.SZ,2024-02-05,宁德时代,,CNY
275.47,290.17,274.79,288.48,437459.26,300750.SZ,2024-02-06,宁德时代,,CNY
287.88,291.14,284.23,290.79,366070.4,300750.SZ,2024-02-07,宁德时代,,CNY
290.61,300.63,289.48,296.69,309011.56,300750.SZ,2024-02-08,宁德时代,,CNY
300.56,300.56,289.86,291.68,270924.76,300750.SZ,2024-02-19,宁德时代,,CNY
294.95,294.95,284.36,288.48,221947.91,300750.SZ,2024-02-20,宁德时代,,CNY
286.75,297.53,284.85,293.71,257826.63,300750.SZ,2024-02-21,宁德时代,,CNY
293.94,293.94,289.48,292.16,209559.47,300750.SZ,2024-02-22,宁德时代,,CNY
295.11,295.16,289.81,292.43,210176.39,300750.SZ,2024-02-23,宁德时代,,CNY
290.12,291.5,281.86,284.23,360664.25,300750.SZ,2024-02-26,宁德时代,,CNY
282.56,287.6,281.57,287.57,290400.75,300750.SZ,2024-02-27,宁德时代,,CNY
288.2,297.53,286.07,286.07,400917.11,300750.SZ,2024-02-28,宁德时代,,CNY
284.41,298.39,283.61,297.92,391675.04,300750.SZ,2024-02-29,宁德时代,,CNY
297.95,301.65,295.89,299.81,281013.36,300750.SZ,2024-03-01,宁德时代,,CNY
300.63,305.84,296.57,298.63,268085.77,300750.SZ,2024-03-04,宁德时代,,CNY
295.35,300.99,291.52,299.99,275495.99,300750.SZ,2024-03-05,宁德时代,,CNY
296.22,304.09,294.62,298.15,187180.09,300750.SZ,2024-03-06,宁德时代,,CNY
296.99,299.12,290.57,291.79,221450.21,300750.SZ,2024-03-07,宁德时代,,CNY
289.93,292.98,285.42,287.88,202170.23,300750.SZ,2024-03-08,宁德时代,,CNY
300.63,330.97,298.99,329.51,763350.47,300750.SZ,2024-03-11,宁德时代,,CNY
334.05,339.68,327.96,338.6,621649.0,300750.SZ,2024-03-12,宁德时代,,CNY
340.71,341.97,333.97,337.4,347957.98,300750.SZ,2024-03-13,宁德时代,,CNY
336.87,342.46,333.35,334.9,305356.46,300750.SZ,2024-03-14,宁德时代,,CNY
334.57,335.07,322.22,329.78,354836.44,300750.SZ,2024-03-15,宁德时代,,CNY
346.25,353.03,344.27,347.93,483051.73,300750.SZ,2024-03-18,宁德时代,,CNY
347.07,350.37,339.99,341.17,269575.76,300750.SZ,2024-03-19,宁德时代,,CNY
338.0,348.44,338.0,345.23,210315.84,300750.SZ,2024-03-20,宁德时代,,CNY
345.29,349.61,344.5,344.5,187567.2,300750.SZ,2024-03-21,宁德时代,,CNY
344.52,346.02,337.05,339.82,191033.67,300750.SZ,2024-03-22,宁德时代,,CNY
338.11,342.9,336.12,336.71,164133.65,300750.SZ,2024-03-25,宁德时代,,CNY
338.35,351.88,338.33,349.46,302473.08,300750.SZ,2024-03-26,宁德时代,,CNY
349.35,349.37,342.54,342.54,206457.04,300750.SZ,2024-03-27,宁德时代,,CNY
342.66,349.28,339.99,343.96,200367.25,300750.SZ,2024-03-28,宁德时代,,CNY
346.73,355.29,345.05,346.47,164648.06,300750.SZ,2024-03-29,宁德时代,,CNY
353.47,364.09,352.37,360.46,275131.87,300750.SZ,2024-04-01,宁德时代,,CNY
360.94,367.26,358.02,363.85,240381.1,300750.SZ,2024-04-02,宁德时代,,CNY
362.47,362.49,354.56,360.12,234890.41,300750.SZ,2024-04-03,宁德时代,,CNY
360.12,364.22,354.56,354.56,189575.56,300750.SZ,2024-04-08,宁德时代,,CNY
353.47,358.02,352.94,357.11,145700.01,300750.SZ,2024-04-09,宁德时代,,CNY
353.67,355.29,348.97,351.17,179614.95,300750.SZ,2024-04-10,宁德时代,,CNY
347.66,354.01,340.71,350.92,192954.44,300750.SZ,2024-04-11,宁德时代,,CNY
348.0,349.79,342.55,343.25,166256.45,300750.SZ,2024-04-12,宁德时代,,CNY
353.19,359.19,349.57,359.19,305482.5,300750.SZ,2024-04-15,宁德时代,,CNY
362.58,363.12,355.14,359.21,276231.2,300750.SZ,2024-04-16,宁德时代,,CNY
355.93,358.81,351.68,357.09,216191.64,300750.SZ,2024-04-17,宁德时代,,CNY
353.41,359.75,348.71,356.31,195395.76,300750.SZ,2024-04-18,宁德时代,,CNY
351.76,354.31,345.29,347.64,184914.72,300750.SZ,2024-04-19,宁德时代,,CNY
351.28,355.09,347.22,347.27,150987.43,300750.SZ,2024-04-22,宁德时代,,CNY
348.24,350.74,342.32,346.05,111137.96,300750.SZ,2024-04-23,宁德时代,,CNY
349.82,350.55,339.62,345.45,151542.79,300750.SZ,2024-04-24,宁德时代,,CNY
343.57,354.11,342.34,352.01,164183.23,300750.SZ,2024-04-25,宁德时代,,CNY
349.84,362.36,349.84,361.63,224880.71,300750.SZ,2024-04-26,宁德时代,,CNY
365.44,389.0,364.4,381.95,438630.35,300750.SZ,2024-04-29,宁德时代,,CNY
384.07,384.07,377.05,378.17,214330.24,300750.SZ,2024-04-30,宁德时代,,CNY
393.85,395.16,384.58,386.35,270998.99,300750.SZ,2024-05-06,宁德时代,,CNY
384.86,388.03,382.93,386.16,131799.02,300750.SZ,2024-05-07,宁德时代,,CNY
386.39,387.88,379.13,379.35,124329.97,300750.SZ,2024-05-08,宁德时代,,CNY
385.02,392.94,384.89,390.87,219216.28,300750.SZ,2024-05-09,宁德时代,,CNY
390.87,390.87,378.92,379.85,228011.32,300750.SZ,2024-05-10,宁德时代,,CNY
366.41,376.62,364.94,372.11,221967.23,300750.SZ,2024-05-13,宁德时代,,CNY
374.44,375.56,369.81,371.47,106947.12,300750.SZ,2024-05-14,宁德时代,,CNY
371.47,379.54,368.65,369.38,130741.16,300750.SZ,2024-05-15,宁德时代,,CNY
371.08,376.38,367.68,372.7,153782.04,300750.SZ,2024-05-16,宁德时代,,CNY
372.76,378.92,370.67,378.92,184962.01,300750.SZ,2024-05-17,宁德时代,,CNY
386.76,388.03,378.94,379.76,199171.71,300750.SZ,2024-05-20,宁德时代,,CNY
380.17,381.87,374.37,376.23,122963.58,300750.SZ,2024-05-21,宁德时代,,CNY
377.99,386.39,376.31,382.45,252365.61,300750.SZ,2024-05-22,宁德时代,,CNY
381.16,383.87,379.16,381.42,176548.2,300750.SZ,2024-05-23,宁德时代,,CNY
378.55,382.39,374.79,375.15,155106.93,300750.SZ,2024-05-24,宁德时代,,CNY
376.68,376.68,370.52,373.34,163617.85,300750.SZ,2024-05-27,宁德时代,,CNY
372.31,374.4,368.84,369.21,126899.94,300750.SZ,2024-05-28,宁德时代,,CNY
369.61,377.99,369.21,371.06,133387.55,300750.SZ,2024-05-29,宁德时代,,CNY
371.55,374.96,368.95,372.11,127840.04,300750.SZ,2024-05-30,宁德时代,,CNY
372.11,377.52,369.14,369.14,138086.27,300750.SZ,2024-05-31,宁德时代,,CNY
369.14,380.04,365.48,377.99,187180.68,300750.SZ,2024-06-03,宁德时代,,CNY
377.03,386.83,375.19,384.46,177149.39,300750.SZ,2024-06-04,宁德时代,,CNY
383.96,387.97,380.81,381.01,117773.9,300750.SZ,2024-06-05,宁德时代,,CNY
380.75,386.16,377.43,382.26,124125.7,300750.SZ,2024-06-06,宁德时代,,CNY
371.19,377.89,350.16,360.63,516867.6,300750.SZ,2024-06-07,宁德时代,,CNY
352.79,358.39,344.59,352.36,420723.63,300750.SZ,2024-06-11,宁德时代,,CNY
347.19,354.21,346.22,346.44,203103.92,300750.SZ,2024-06-12,宁德时代,,CNY
349.05,354.67,345.54,345.66,221176.37,300750.SZ,2024-06-13,宁德时代,,CNY
347.37,348.27,333.34,345.12,371849.49,300750.SZ,2024-06-14,宁德时代,,CNY
340.75,355.59,340.3,351.29,269293.18,300750.SZ,2024-06-17,宁德时代,,CNY
351.2,355.53,349.09,355.27,156529.09,300750.SZ,2024-06-18,宁德时代,,CNY
355.77,355.96,350.32,352.81,107539.75,300750.SZ,2024-06-19,宁德时代,,CNY
354.64,354.86,349.24,350.9,115623.7,300750.SZ,2024-06-20,宁德时代,,CNY
351.5,352.71,340.41,345.62,184677.17,300750.SZ,2024-06-21,宁德时代,,CNY
341.59,350.9,341.59,349.02,180354.9,300750.SZ,2024-06-24,宁德时代,,CNY
348.98,353.09,346.37,347.71,144144.12,300750.SZ,2024-06-25,宁德时代,,CNY
345.43,348.25,341.85,346.16,104813.98,300750.SZ,2024-06-26,宁德时代,,CNY
346.16,346.85,341.5,345.21,126535.77,300750.SZ,2024-06-27,宁德时代,,CNY
342.97,346.11,335.58,335.94,194205.06,300750.SZ,2024-06-28,宁德时代,,CNY
334.37,334.54,319.4,328.55,269957.44,300750.SZ,2024-07-01,宁德时代,,CNY
324.4,330.21,321.16,328.57,144155.86,300750.SZ,2024-07-02,宁德时代,,CNY
330.28,340.55,328.99,334.95,162053.21,300750.SZ,2024-07-03,宁德时代,,CNY
336.61,341.46,334.39,335.13,118346.46,300750.SZ,2024-07-04,宁德时代,,CNY
337.75,340.53,329.35,331.44,135247.07,300750.SZ,2024-07-05,宁德时代,,CNY
328.43,332.84,326.57,328.25,108063.97,300750.SZ,2024-07-08,宁德时代,,CNY
327.11,330.84,322.99,327.99,164439.15,300750.SZ,2024-07-09,宁德时代,,CNY
326.57,336.05,322.91,322.91,177729.19,300750.SZ,2024-07-10,宁德时代,,CNY
326.55,333.98,323.73,330.3,208111.48,300750.SZ,2024-07-11,宁德时代,,CNY
331.87,339.18,330.28,335.51,195504.6,300750.SZ,2024-07-12,宁德时代,,CNY
332.71,335.79,330.49,332.37,114696.96,300750.SZ,2024-07-15,宁德时代,,CNY
331.22,336.81,330.84,334.57,151487.37,300750.SZ,2024-07-16,宁德时代,,CNY
332.15,340.84,328.3,337.54,185901.41,300750.SZ,2024-07-17,宁德时代,,CNY
335.88,352.86,335.28,351.46,319944.01,300750.SZ,2024-07-18,宁德时代,,CNY
347.73,354.71,347.45,353.5,208476.31,300750.SZ,2024-07-19,宁德时代,,CNY
356.76,362.34,349.69,353.64,171682.52,300750.SZ,2024-07-22,宁德时代,,CNY
352.69,353.98,347.45,347.45,119031.04,300750.SZ,2024-07-23,宁德时代,,CNY
347.08,352.84,345.94,347.67,144681.36,300750.SZ,2024-07-24,宁德时代,,CNY
347.3,355.9,345.32,350.3,205958.88,300750.SZ,2024-07-25,宁德时代,,CNY
354.54,360.7,350.9,353.33,233477.18,300750.SZ,2024-07-26,宁德时代,,CNY
348.94,348.94,335.88,344.33,213623.66,300750.SZ,2024-07-29,宁德时代,,CNY
341.89,345.83,341.89,345.0,127251.63,300750.SZ,2024-07-30,宁德时代,,CNY
339.61,348.72,339.61,347.65,198969.4,300750.SZ,2024-07-31,宁德时代,,CNY
345.21,347.08,336.07,336.44,230126.59,300750.SZ,2024-08-01,宁德时代,,CNY
334.01,335.88,329.8,330.45,154936.85,300750.SZ,2024-08-02,宁德时代,,CNY
326.57,336.23,326.55,330.28,193476.59,300750.SZ,2024-08-05,宁德时代,,CNY
332.91,334.74,324.14,326.46,157687.03,300750.SZ,2024-08-06,宁德时代,,CNY
326.46,328.85,324.07,324.07,127539.59,300750.SZ,2024-08-07,宁德时代,,CNY
322.84,323.94,317.44,321.7,146589.96,300750.SZ,2024-08-08,宁德时代,,CNY
323.94,326.31,317.22,317.22,154129.89,300750.SZ,2024-08-09,宁德时代,,CNY
318.28,319.31,311.25,315.35,174155.81,300750.SZ,2024-08-12,宁德时代,,CNY
315.15,326.48,314.2,324.27,193892.56,300750.SZ,2024-08-13,宁德时代,,CNY
322.8,325.52,320.43,321.34,99662.85,300750.SZ,2024-08-14,宁德时代,,CNY
320.95,325.8,319.63,323.56,144812.02,300750.SZ,2024-08-15,宁德时代,,CNY
323.56,328.42,322.59,323.97,111506.41,300750.SZ,2024-08-16,宁德时代,,CNY
323.47,332.04,323.1,327.67,140358.43,300750.SZ,2024-08-19,宁德时代,,CNY
326.55,328.42,324.05,326.31,84369.55,300750.SZ,2024-08-20,宁德时代,,CNY
324.68,327.32,320.95,324.7,111474.05,300750.SZ,2024-08-21,宁德时代,,CNY
326.51,335.82,325.24,333.64,199011.36,300750.SZ,2024-08-22,宁德时代,,CNY
330.28,340.58,330.28,339.24,184151.76,300750.SZ,2024-08-23,宁德时代,,CNY
339.43,344.39,337.75,343.19,148387.49,300750.SZ,2024-08-26,宁德时代,,CNY
340.58,344.26,338.68,342.41,99769.92,300750.SZ,2024-08-27,宁德时代,,CNY
341.1,342.77,338.27,341.14,106390.15,300750.SZ,2024-08-28,宁德时代,,CNY
334.33,341.46,334.33,337.37,156702.42,300750.SZ,2024-08-29,宁德时代,,CNY
337.37,347.0,337.37,343.98,254291.71,300750.SZ,2024-08-30,宁德时代,,CNY
344.17,346.31,337.75,338.1,129851.76,300750.SZ,2024-09-02,宁德时代,,CNY
336.44,348.38,335.92,346.42,181968.86,300750.SZ,2024-09-03,宁德时代,,CNY
345.81,352.67,344.93,349.22,165645.24,300750.SZ,2024-09-04,宁德时代,,CNY
349.22,353.7,346.7,348.57,123182.15,300750.SZ,2024-09-05,宁德时代,,CNY
347.3,351.74,345.96,346.98,75254.86,300750.SZ,2024-09-06,宁德时代,,CNY
345.42,352.04,342.36,345.49,134753.55,300750.SZ,2024-09-09,宁德时代,,CNY
346.14,346.14,337.84,338.04,154244.13,300750.SZ,2024-09-10,宁德时代,,CNY
340.36,350.4,338.04,348.12,211970.83,300750.SZ,2024-09-11,宁德时代,,CNY
350.81,358.57,348.4,353.33,207099.86,300750.SZ,2024-09-12,宁德时代,,CNY
352.45,352.45,342.41,342.41,172872.88,300750.SZ,2024-09-13,宁德时代,,CNY
342.6,349.74,342.02,347.82,113778.95,300750.SZ,2024-09-18,宁德时代,,CNY
348.94,351.22,342.6,348.76,157694.09,300750.SZ,2024-09-19,宁德时代,,CNY
348.76,350.62,342.75,346.33,155027.03,300750.SZ,2024-09-20,宁德时代,,CNY
348.31,353.48,346.14,351.18,157925.49,300750.SZ,2024-09-23,宁德时代,,CNY
358.2,369.79,352.47,368.57,354517.35,300750.SZ,2024-09-24,宁德时代,,CNY
386.99,387.01,378.03,378.98,420101.19,300750.SZ,2024-09-25,宁德时代,,CNY
380.1,386.88,371.2,383.48,354893.46,300750.SZ,2024-09-26,宁德时代,,CNY
395.59,432.31,394.98,423.23,701813.26,300750.SZ,2024-09-27,宁德时代,,CNY
434.82,475.83,432.91,470.03,913611.45,300750.SZ,2024-09-30,宁德时代,,CNY
552.34,562.6,499.45,557.93,1376464.79,300750.SZ,2024-10-08,宁德时代,,CNY
522.29,522.46,475.83,475.83,1086915.94,300750.SZ,2024-10-09,宁德时代,,CNY
475.83,496.34,466.8,481.43,608338.33,300750.SZ,2024-10-10,宁德时代,,CNY
476.76,476.76,443.98,451.18,476402.3,300750.SZ,2024-10-11,宁德时代,,CNY
466.48,471.72,457.06,465.98,467598.63,300750.SZ,2024-10-14,宁德时代,,CNY
466.15,468.07,449.95,450.12,327653.34,300750.SZ,2024-10-15,宁德时代,,CNY
445.64,445.64,435.39,436.36,335859.54,300750.SZ,2024-10-16,宁德时代,,CNY
436.64,445.75,430.78,431.98,261646.72,300750.SZ,2024-10-17,宁德时代,,CNY
429.18,483.07,428.43,466.29,680137.87,300750.SZ,2024-10-18,宁德时代,,CNY
483.29,489.88,469.77,472.77,584558.09,300750.SZ,2024-10-21,宁德时代,,CNY
473.96,475.01,461.39,467.53,278760.33,300750.SZ,2024-10-22,宁德时代,,CNY
462.41,475.72,460.64,465.19,321541.22,300750.SZ,2024-10-23,宁德时代,,CNY
466.07,469.3,457.17,459.33,214657.9,300750.SZ,2024-10-24,宁德时代,,CNY
470.87,494.49,459.6,483.07,578985.51,300750.SZ,2024-10-25,宁德时代,,CNY
477.94,482.57,472.1,478.14,276019.35,300750.SZ,2024-10-28,宁德时代,,CNY
478.14,480.89,468.81,469.82,269948.08,300750.SZ,2024-10-29,宁德时代,,CNY
466.5,470.79,456.24,462.82,271343.74,300750.SZ,2024-10-30,宁德时代,,CNY
460.88,467.43,455.3,459.0,255002.79,300750.SZ,2024-10-31,宁德时代,,CNY
460.02,466.16,457.51,459.41,259158.29,300750.SZ,2024-11-01,宁德时代,,CNY
455.3,474.52,455.3,468.74,242472.22,300750.SZ,2024-11-04,宁德时代,,CNY
467.58,490.42,464.88,487.75,484820.94,300750.SZ,2024-11-05,宁德时代,,CNY
483.28,502.89,473.03,478.63,452393.1,300750.SZ,2024-11-06,宁德时代,,CNY
481.43,490.38,473.74,490.38,335710.27,300750.SZ,2024-11-07,宁德时代,,CNY
503.19,507.55,479.75,480.5,402941.27,300750.SZ,2024-11-08,宁德时代,,CNY
470.89,501.94,468.38,499.16,491539.07,300750.SZ,2024-11-11,宁德时代,,CNY
519.27,532.18,505.65,509.46,744030.08,300750.SZ,2024-11-12,宁德时代,,CNY
501.95,537.78,497.79,526.21,557736.88,300750.SZ,2024-11-13,宁德时代,,CNY
528.08,531.79,512.52,513.15,426572.1,300750.SZ,2024-11-14,宁德时代,,CNY
502.89,513.15,495.53,495.53,351983.17,300750.SZ,2024-11-15,宁德时代,,CNY
495.53,505.59,487.03,490.61,306500.1,300750.SZ,2024-11-18,宁德时代,,CNY
488.93,507.55,481.43,501.43,348128.87,300750.SZ,2024-11-19,宁德时代,,CNY
498.13,503.63,493.74,499.25,227087.78,300750.SZ,2024-11-20,宁德时代,,CNY
495.72,506.49,491.99,500.57,205508.27,300750.SZ,2024-11-21,宁德时代,,CNY
499.96,501.95,483.07,483.48,225551.01,300750.SZ,2024-11-22,宁德时代,,CNY
490.87,497.4,487.36,492.81,262390.71,300750.SZ,2024-11-25,宁德时代,,CNY
488.09,492.57,477.06,479.04,273604.05,300750.SZ,2024-11-26,宁德时代,,CNY
475.27,486.84,469.24,484.97,274006.65,300750.SZ,2024-11-27,宁德时代,,CNY
483.67,484.28,473.03,475.27,223555.98,300750.SZ,2024-11-28,宁德时代,,CNY
468.8,500.07,468.8,487.47,313662.72,300750.SZ,2024-11-29,宁德时代,,CNY
482.62,491.78,479.95,489.25,206475.47,300750.SZ,2024-12-02,宁德时代,,CNY
487.03,490.74,483.29,488.59,173107.89,300750.SZ,2024-12-03,宁德时代,,CNY
485.16,488.89,480.5,483.24,161813.95,300750.SZ,2024-12-04,宁德时代,,CNY
481.41,483.2,475.85,477.7,160215.8,300750.SZ,2024-12-05,宁德时代,,CNY
477.7,503.63,475.83,497.38,330381.36,300750.SZ,2024-12-06,宁德时代,,CNY
498.2,503.19,493.39,500.18,224560.9,300750.SZ,2024-12-09,宁德时代,,CNY
524.87,525.28,502.57,504.88,329044.36,300750.SZ,2024-12-10,宁德时代,,CNY
511.21,521.55,497.33,498.41,194008.21,300750.SZ,2024-12-11,宁德时代,,CNY
496.17,513.86,494.86,510.74,223295.14,300750.SZ,2024-12-12,宁德时代,,CNY
503.6,507.55,496.36,498.28,283164.41,300750.SZ,2024-12-13,宁德时代,,CNY
496.77,502.89,492.72,498.6,162575.08,300750.SZ,2024-12-16,宁德时代,,CNY
498.22,518.75,497.36,510.91,282146.1,300750.SZ,2024-12-17,宁德时代,,CNY
511.86,512.65,504.4,506.45,150853.29,300750.SZ,2024-12-18,宁德时代,,CNY
502.44,508.21,497.51,503.43,153460.18,300750.SZ,2024-12-19,宁德时代,,CNY
503.43,505.31,485.76,490.22,277400.98,300750.SZ,2024-12-20,宁德时代,,CNY
490.22,501.73,490.22,491.69,206393.83,300750.SZ,2024-12-23,宁德时代,,CNY
490.76,500.55,490.76,500.52,196153.52,300750.SZ,2024-12-24,宁德时代,,CNY
501.79,505.52,496.84,500.03,114138.1,300750.SZ,2024-12-25,宁德时代,,CNY
498.6,498.6,487.03,487.49,224437.62,300750.SZ,2024-12-26,宁德时代,,CNY
486.22,491.54,475.83,488.89,243519.18,300750.SZ,2024-12-27,宁德时代,,CNY
486.8,499.16,486.11,497.44,226313.52,300750.SZ,2024-12-30,宁德时代,,CNY
494.66,504.75,494.66,496.36,249339.52,300750.SZ,2024-12-31,宁德时代,,CNY
496.82,496.92,479.56,482.88,233545.76,300750.SZ,2025-01-02,宁德时代,,CNY
482.88,490.76,479.95,480.74,185237.58,300750.SZ,2025-01-03,宁德时代,,CNY
481.43,485.16,472.1,479.1,172890.77,300750.SZ,2025-01-06,宁德时代,,CNY
453.44,470.23,449.86,465.47,401035.99,300750.SZ,2025-01-07,宁德时代,,CNY
459.02,463.35,454.04,457.8,271857.52,300750.SZ,2025-01-08,宁德时代,,CNY
450.36,466.97,450.0,461.52,169328.78,300750.SZ,2025-01-09,宁德时代,,CNY
459.97,466.41,456.57,459.04,147294.33,300750.SZ,2025-01-10,宁德时代,,CNY
454.37,466.5,451.57,460.73,180922.26,300750.SZ,2025-01-13,宁德时代,,CNY
462.23,479.56,457.56,478.07,202467.34,300750.SZ,2025-01-14,宁德时代,,CNY
478.07,478.44,465.88,468.12,150626.65,300750.SZ,2025-01-15,宁德时代,,CNY
470.23,475.08,463.25,466.37,161883.78,300750.SZ,2025-01-16,宁德时代,,CNY
463.7,473.03,462.92,469.3,111066.0,300750.SZ,2025-01-17,宁德时代,,CNY
478.63,499.36,478.27,495.46,342834.97,300750.SZ,2025-01-20,宁德时代,,CNY
501.02,501.51,491.17,492.96,138933.06,300750.SZ,2025-01-21,宁德时代,,CNY
488.89,494.3,474.36,481.43,250407.37,300750.SZ,2025-01-22,宁德时代,,CNY
484.88,489.83,479.52,480.5,165536.88,300750.SZ,2025-01-23,宁德时代,,CNY
480.02,496.46,480.02,488.66,224397.96,300750.SZ,2025-01-24,宁德时代,,CNY
488.68,493.07,481.88,481.88,171026.37,300750.SZ,2025-01-27,宁德时代,,CNY
487.5,491.25,470.72,472.73,240481.4,300750.SZ,2025-02-05,宁德时代,,CNY
470.62,475.29,467.25,474.56,248961.01,300750.SZ,2025-02-06,宁德时代,,CNY
481.88,492.3,471.79,489.9,344412.54,300750.SZ,2025-02-07,宁德时代,,CNY
489.9,490.26,478.46,484.59,229267.1,300750.SZ,2025-02-10,宁德时代,,CNY
488.32,488.44,470.74,472.12,247919.8,300750.SZ,2025-02-11,宁德时代,,CNY
468.77,480.0,463.28,478.69,273822.14,300750.SZ,2025-02-12,宁德时代,,CNY
479.98,494.98,478.31,490.11,375349.67,300750.SZ,2025-02-13,宁德时代,,CNY
490.37,511.88,490.37,505.71,387800.3,300750.SZ,2025-02-14,宁德时代,,CNY
515.44,515.44,498.79,505.12,241829.6,300750.SZ,2025-02-17,宁德时代,,CNY
511.8,516.56,504.38,507.69,238457.55,300750.SZ,2025-02-18,宁德时代,,CNY
503.57,517.5,503.53,512.91,204455.39,300750.SZ,2025-02-19,宁德时代,,CNY
511.5,511.5,500.62,506.62,195890.01,300750.SZ,2025-02-20,宁德时代,,CNY
503.59,519.15,502.09,516.66,309519.06,300750.SZ,2025-02-21,宁德时代,,CNY
511.89,515.06,502.8,509.06,277537.62,300750.SZ,2025-02-24,宁德时代,,CNY
501.53,513.75,495.96,505.28,232093.75,300750.SZ,2025-02-25,宁德时代,,CNY
508.97,511.65,500.96,503.66,211730.74,300750.SZ,2025-02-26,宁德时代,,CNY
506.76,509.44,501.88,506.25,231851.1,300750.SZ,2025-02-27,宁德时代,,CNY
505.5,508.71,494.27,495.56,222654.58,300750.SZ,2025-02-28,宁德时代,,CNY
496.88,523.69,491.7,512.87,387364.03,300750.SZ,2025-03-03,宁德时代,,CNY
506.25,508.12,492.62,493.12,268365.42,300750.SZ,2025-03-04,宁德时代,,CNY
493.12,494.79,484.69,489.36,208696.1,300750.SZ,2025-03-05,宁德时代,,CNY
491.72,497.87,489.38,495.58,250273.21,300750.SZ,2025-03-06,宁德时代,,CNY
493.05,494.21,485.03,488.92,222871.08,300750.SZ,2025-03-07,宁德时代,,CNY
490.88,490.99,475.52,480.94,286750.74,300750.SZ,2025-03-10,宁德时代,,CNY
474.51,479.06,474.47,478.5,171350.77,300750.SZ,2025-03-11,宁德时代,,CNY
480.02,481.16,471.54,477.19,199146.9,300750.SZ,2025-03-12,宁德时代,,CNY
476.25,486.0,474.38,474.79,168851.5,300750.SZ,2025-03-13,宁德时代,,CNY
474.38,496.59,473.72,491.25,351089.35,300750.SZ,2025-03-14,宁德时代,,CNY
493.31,497.76,479.51,480.0,335154.86,300750.SZ,2025-03-17,宁德时代,,CNY
483.75,488.96,479.06,481.88,225767.32,300750.SZ,2025-03-18,宁德时代,,CNY
482.25,500.57,481.46,497.61,369541.2,300750.SZ,2025-03-19,宁德时代,,CNY
497.61,499.69,489.41,491.53,144246.53,300750.SZ,2025-03-20,宁德时代,,CNY
492.53,495.99,479.38,480.0,194320.06,300750.SZ,2025-03-21,宁德时代,,CNY
483.19,485.59,480.52,484.05,167302.17,300750.SZ,2025-03-24,宁德时代,,CNY
483.21,487.5,478.67,486.53,127857.78,300750.SZ,2025-03-25,宁德时代,,CNY
486.37,492.56,481.31,481.73,129046.26,300750.SZ,2025-03-26,宁德时代,,CNY
480.36,492.75,476.72,485.4,141792.06,300750.SZ,2025-03-27,宁德时代,,CNY
480.21,485.4,479.62,481.5,112420.68,300750.SZ,2025-03-28,宁德时代,,CNY
480.11,483.71,472.73,474.26,194633.55,300750.SZ,2025-03-31,宁德时代,,CNY
474.26,477.19,466.09,466.99,194162.08,300750.SZ,2025-04-01,宁德时代,,CNY
469.12,473.36,464.18,467.14,137321.12,300750.SZ,2025-04-02,宁德时代,,CNY
459.38,464.44,454.78,455.78,232816.39,300750.SZ,2025-04-03,宁德时代,,CNY
423.92,431.25,392.08,403.54,723645.82,300750.SZ,2025-04-07,宁德时代,,CNY
412.41,421.88,405.75,410.72,476594.21,300750.SZ,2025-04-08,宁德时代,,CNY
399.22,410.16,393.92,396.36,536023.39,300750.SZ,2025-04-09,宁德时代,,CNY
414.38,417.73,403.99,408.71,372741.19,300750.SZ,2025-04-10,宁德时代,,CNY
405.0,422.91,402.56,420.0,302991.15,300750.SZ,2025-04-11,宁德时代,,CNY
425.91,427.5,417.53,420.0,206965.04,300750.SZ,2025-04-14,宁德时代,,CNY
423.75,432.09,422.1,427.78,266865.42,300750.SZ,2025-04-15,宁德时代,,CNY
425.62,425.96,415.41,421.67,216550.96,300750.SZ,2025-04-16,宁德时代,,CNY
418.12,426.24,416.66,423.75,157376.59,300750.SZ,2025-04-17,宁德时代,,CNY
422.27,424.69,419.36,422.74,115127.94,300750.SZ,2025-04-18,宁德时代,,CNY
422.74,440.62,420.34,433.8,220081.91,300750.SZ,2025-04-21,宁德时代,,CNY
439.88,442.09,434.52,441.19,169354.23,300750.SZ,2025-04-22,宁德时代,,CNY
449.44,456.61,445.61,446.28,191979.8,300750.SZ,2025-04-23,宁德时代,,CNY
448.48,456.44,444.18,453.01,181554.39,300750.SZ,2025-04-24,宁德时代,,CNY
453.64,455.02,449.61,452.5,127619.89,300750.SZ,2025-04-25,宁德时代,,CNY
455.65,455.67,446.0,449.15,143124.32,300750.SZ,2025-04-28,宁德时代,,CNY
447.53,449.06,441.25,443.76,167424.35,300750.SZ,2025-04-29,宁德时代,,CNY
445.71,448.25,442.74,442.74,156328.35,300750.SZ,2025-04-30,宁德时代,,CNY
447.35,451.92,442.17,442.99,196876.79,300750.SZ,2025-05-06,宁德时代,,CNY
452.21,460.68,451.5,456.34,312809.85,300750.SZ,2025-05-07,宁德时代,,CNY
458.02,475.6,455.14,467.74,312856.4,300750.SZ,2025-05-08,宁德时代,,CNY
470.61,477.69,467.89,474.82,236933.17,300750.SZ,2025-05-09,宁德时代,,CNY
487.69,493.41,483.86,491.51,302315.06,300750.SZ,2025-05-12,宁德时代,,CNY
501.08,501.08,487.73,494.9,204805.91,300750.SZ,2025-05-13,宁德时代,,CNY
494.9,505.78,489.62,502.22,231463.07,300750.SZ,2025-05-14,宁德时代,,CNY
502.26,502.74,496.49,497.59,141118.93,300750.SZ,2025-05-15,宁德时代,,CNY
495.61,500.56,492.91,496.03,189000.58,300750.SZ,2025-05-16,宁德时代,,CNY
498.21,498.28,492.03,497.25,169740.17,300750.SZ,2025-05-19,宁德时代,,CNY
505.74,507.77,488.07,502.99,346423.64,300750.SZ,2025-05-20,宁德时代,,CNY
510.62,535.48,508.34,524.18,565245.17,300750.SZ,2025-05-21,宁德时代,,CNY
531.29,531.56,513.07,517.08,276081.18,300750.SZ,2025-05-22,宁德时代,,CNY
518.31,524.02,510.54,510.62,230003.52,300750.SZ,2025-05-23,宁德时代,,CNY
506.81,509.45,483.67,489.41,330122.15,300750.SZ,2025-05-26,宁德时代,,CNY
489.39,491.91,482.7,485.76,176679.95,300750.SZ,2025-05-27,宁德时代,,CNY
488.85,493.94,484.47,485.01,154562.65,300750.SZ,2025-05-28,宁德时代,,CNY
483.86,485.74,476.21,481.66,217882.85,300750.SZ,2025-05-29,宁德时代,,CNY
479.85,483.19,473.29,478.12,204337.47,300750.SZ,2025-05-30,宁德时代,,CNY
481.95,485.58,478.97,480.32,158411.66,300750.SZ,2025-06-03,宁德时代,,CNY
482.91,485.01,479.46,480.13,130401.95,300750.SZ,2025-06-04,宁德时代,,CNY
480.73,482.79,474.82,480.99,135258.51,300750.SZ,2025-06-05,宁德时代,,CNY
481.95,484.49,475.26,475.98,165514.74,300750.SZ,2025-06-06,宁德时代,,CNY
475.98,479.81,469.52,469.67,185497.57,300750.SZ,2025-06-09,宁德时代,,CNY
468.56,472.12,463.25,465.01,139324.59,300750.SZ,2025-06-10,宁德时代,,CNY
470.65,482.79,468.18,479.08,279934.04,300750.SZ,2025-06-11,宁德时代,,CNY
481.95,482.91,475.77,477.76,175696.17,300750.SZ,2025-06-12,宁德时代,,CNY
474.49,478.91,471.18,474.68,174032.45,300750.SZ,2025-06-13,宁德时代,,CNY
474.3,475.64,470.09,471.74,122175.71,300750.SZ,2025-06-16,宁德时代,,CNY
472.31,475.12,468.98,470.97,97650.24,300750.SZ,2025-06-17,宁德时代,,CNY
472.35,477.32,469.65,469.65,104605.61,300750.SZ,2025-06-18,宁德时代,,CNY
469.14,470.78,462.06,463.02,147984.56,300750.SZ,2025-06-19,宁德时代,,CNY
461.03,464.97,458.04,459.5,136883.4,300750.SZ,2025-06-20,宁德时代,,CNY
457.66,460.15,455.23,458.25,127099.27,300750.SZ,2025-06-23,宁德时代,,CNY
460.11,474.45,460.11,470.32,235010.81,300750.SZ,2025-06-24,宁德时代,,CNY
471.43,489.37,470.48,487.5,315377.23,300750.SZ,2025-06-25,宁德时代,,CNY
489.37,490.15,482.64,483.46,199145.3,300750.SZ,2025-06-26,宁德时代,,CNY
490.56,492.37,478.34,480.02,236200.67,300750.SZ,2025-06-27,宁德时代,,CNY
480.99,484.82,477.55,482.37,176233.7,300750.SZ,2025-06-30,宁德时代,,CNY
482.91,483.37,477.9,480.99,95322.58,300750.SZ,2025-07-01,宁德时代,,CNY
480.99,481.97,476.58,478.99,115713.74,300750.SZ,2025-07-02,宁德时代,,CNY
480.94,503.39,479.25,502.2,338037.47,300750.SZ,2025-07-03,宁德时代,,CNY
506.83,516.34,499.12,508.34,272060.13,300750.SZ,2025-07-04,宁德时代,,CNY
508.34,514.23,495.11,498.95,174664.98,300750.SZ,2025-07-07,宁德时代,,CNY
498.59,508.53,496.91,503.58,155922.92,300750.SZ,2025-07-08,宁德时代,,CNY
501.46,524.9,501.27,517.91,293883.71,300750.SZ,2025-07-09,宁德时代,,CNY
525.92,525.92,513.51,520.2,242393.49,300750.SZ,2025-07-10,宁德时代,,CNY
519.24,524.02,516.57,519.24,213281.53,300750.SZ,2025-07-11,宁德时代,,CNY
518.29,518.9,508.92,513.51,149788.84,300750.SZ,2025-07-14,宁德时代,,CNY
513.51,521.16,508.73,512.07,169526.49,300750.SZ,2025-07-15,宁德时代,,CNY
513.51,513.89,503.06,505.66,156264.79,300750.SZ,2025-07-16,宁德时代,,CNY
507.52,512.07,505.59,507.77,145110.17,300750.SZ,2025-07-17,宁德时代,,CNY
513.89,521.06,508.34,518.67,221865.58,300750.SZ,2025-07-18,宁德时代,,CNY
529.76,539.33,523.16,534.85,324862.75,300750.SZ,2025-07-21,宁德时代,,CNY
535.5,554.62,533.93,548.24,333090.29,300750.SZ,2025-07-22,宁德时代,,CNY
551.11,556.06,548.1,548.93,200189.74,300750.SZ,2025-07-23,宁德时代,,CNY
552.71,553.1,541.07,545.45,223891.14,300750.SZ,2025-07-24,宁德时代,,CNY
545.45,545.45,538.85,540.86,134326.01,300750.SZ,2025-07-25,宁德时代,,CNY
541.28,552.88,537.99,547.55,238973.36,300750.SZ,2025-07-28,宁德时代,,CNY
548.31,558.45,548.28,558.11,233945.55,300750.SZ,2025-07-29,宁德时代,,CNY
558.83,558.83,528.54,529.93,415943.01,300750.SZ,2025-07-30,宁德时代,,CNY
537.03,539.29,506.09,506.09,447103.55,300750.SZ,2025-07-31,宁德时代,,CNY
506.43,509.87,502.51,503.12,252500.02,300750.SZ,2025-08-01,宁德时代,,CNY
502.99,512.55,500.5,509.64,237681.68,300750.SZ,2025-08-04,宁德时代,,CNY
511.59,514.46,503.94,508.15,219760.4,300750.SZ,2025-08-05,宁德时代,,CNY
507.23,510.45,503.43,506.81,153233.11,300750.SZ,2025-08-06,宁德时代,,CNY
506.81,509.66,501.46,503.08,165481.04,300750.SZ,2025-08-07,宁德时代,,CNY
504.9,509.03,501.09,503.91,174282.16,300750.SZ,2025-08-08,宁德时代,,CNY
503.91,509.01,502.03,504.25,213308.76,300750.SZ,2025-08-11,宁德时代,,CNY
503.94,507.16,492.89,503.47,222407.39,300750.SZ,2025-08-12,宁德时代,,CNY
506.37,525.94,505.88,523.26,394667.69,300750.SZ,2025-08-13,宁德时代,,CNY
529.55,539.33,524.94,535.29,371707.57,300750.SZ,2025-08-14,宁德时代,,CNY
532.4,539.9,528.04,536.78,241091.69,300750.SZ,2025-08-15,宁德时代,,CNY
536.78,545.98,531.71,541.24,285287.93,300750.SZ,2025-08-18,宁德时代,,CNY
541.24,543.15,528.27,531.29,244285.85,300750.SZ,2025-08-19,宁德时代,,CNY
532.63,537.41,522.17,535.9,233534.92,300750.SZ,2025-08-20,宁德时代,,CNY
536.03,540.89,533.59,535.51,182698.14,300750.SZ,2025-08-21,宁德时代,,CNY
535.38,555.38,534.74,551.21,264218.51,300750.SZ,2025-08-22,宁德时代,,CNY
556.63,564.07,550.45,557.16,312297.2,300750.SZ,2025-08-25,宁德时代,,CNY
550.91,558.53,548.14,555.67,230244.62,300750.SZ,2025-08-26,宁德时代,,CNY
554.71,555.74,533.96,534.17,382584.29,300750.SZ,2025-08-27,宁德时代,,CNY
529.87,535.49,523.46,532.46,304664.01,300750.SZ,2025-08-28,宁德时代,,CNY
534.19,607.8,533.5,587.68,780138.92,300750.SZ,2025-08-29,宁德时代,,CNY
588.3,589.06,574.48,583.5,429964.21,300750.SZ,2025-09-01,宁德时代,,CNY
583.56,597.13,573.96,581.33,371168.89,300750.SZ,2025-09-02,宁德时代,,CNY
582.54,598.18,581.64,593.09,508974.73,300750.SZ,2025-09-03,宁德时代,,CNY
601.67,620.6,577.03,583.56,657547.54,300750.SZ,2025-09-04,宁德时代,,CNY
575.63,624.02,575.47,624.02,708197.79,300750.SZ,2025-09-05,宁德时代,,CNY
641.08,648.09,620.93,624.52,588345.78,300750.SZ,2025-09-08,宁德时代,,CNY
619.58,642.19,608.76,614.21,434023.97,300750.SZ,2025-09-09,宁德时代,,CNY
610.35,618.05,600.77,606.61,367526.83,300750.SZ,2025-09-10,宁德时代,,CNY
605.67,619.93,593.17,619.1,380344.6,300750.SZ,2025-09-11,宁德时代,,CNY
625.53,633.21,618.43,623.8,338713.16,300750.SZ,2025-09-12,宁德时代,,CNY
664.13,713.1,660.31,680.81,718410.23,300750.SZ,2025-09-15,宁德时代,,CNY
683.52,689.06,668.91,678.35,377444.65,300750.SZ,2025-09-16,宁德时代,,CNY
684.84,732.98,679.47,723.81,543771.0,300750.SZ,2025-09-17,宁德时代,,CNY
718.99,729.37,692.52,704.21,518896.9,300750.SZ,2025-09-18,宁德时代,,CNY
700.58,721.14,694.29,707.28,339148.86,300750.SZ,2025-09-19,宁德时代,,CNY
711.14,715.4,696.32,710.27,285277.63,300750.SZ,2025-09-22,宁德时代,,CNY
706.34,723.54,690.98,706.63,348493.15,300750.SZ,2025-09-23,宁德时代,,CNY
712.1,729.37,702.62,729.24,383145.48,300750.SZ,2025-09-24,宁德时代,,CNY
722.85,772.73,722.6,754.04,466393.38,300750.SZ,2025-09-25,宁德时代,,CNY
752.44,767.74,729.37,730.14,362633.26,300750.SZ,2025-09-26,宁德时代,,CNY
741.54,767.55,740.91,762.71,389647.45,300750.SZ,2025-09-29,宁德时代,,CNY
760.08,784.8,760.08,771.6,330313.1,300750.SZ,2025-09-30,宁德时代,,CNY
767.72,814.52,767.26,786.74,412088.23,300750.SZ,2025-10-09,宁德时代,,CNY
769.68,775.05,727.47,733.11,533117.98,300750.SZ,2025-10-10,宁德时代,,CNY
696.47,738.2,696.47,718.82,471509.98,300750.SZ,2025-10-13,宁德时代,,CNY
731.29,740.5,682.86,687.15,496399.39,300750.SZ,2025-10-14,宁德时代,,CNY
688.1,709.62,680.93,708.83,369933.55,300750.SZ,2025-10-15,宁德时代,,CNY
705.38,717.66,699.62,707.3,276294.67,300750.SZ,2025-10-16,宁德时代,,CNY
705.38,719.77,685.21,687.41,319057.61,300750.SZ,2025-10-17,宁德时代,,CNY
700.58,708.05,690.08,703.46,284324.2,300750.SZ,2025-10-20,宁德时代,,CNY
715.94,731.96,696.93,721.5,446328.7,300750.SZ,2025-10-21,宁德时代,,CNY
721.5,727.22,706.72,715.67,219458.79,300750.SZ,2025-10-22,宁德时代,,CNY
717.47,727.07,708.26,722.56,239980.98,300750.SZ,2025-10-23,宁德时代,,CNY
729.31,744.34,725.53,740.45,320415.78,300750.SZ,2025-10-24,宁德时代,,CNY
754.32,754.32,722.79,741.23,404510.18,300750.SZ,2025-10-27,宁德时代,,CNY
741.2,755.86,735.17,741.81,287082.95,300750.SZ,2025-10-28,宁德时代,,CNY
740.89,767.84,738.39,767.76,344740.46,300750.SZ,2025-10-29,宁德时代,,CNY
779.24,785.19,761.68,764.48,343060.88,300750.SZ,2025-10-30,宁德时代,,CNY
763.92,780.81,745.11,746.21,340483.5,300750.SZ,2025-10-31,宁德时代,,CNY
742.81,752.23,721.25,742.54,263681.77,300750.SZ,2025-11-03,宁德时代,,CNY
735.25,741.85,717.86,727.36,239390.74,300750.SZ,2025-11-04,宁德时代,,CNY
715.65,754.32,714.02,746.07,311425.32,300750.SZ,2025-11-05,宁德时代,,CNY
748.57,766.78,746.07,757.55,234474.77,300750.SZ,2025-11-06,宁德时代,,CNY
755.28,762.98,746.42,758.87,165548.92,300750.SZ,2025-11-07,宁德时代,,CNY
764.69,768.36,735.74,738.03,238959.91,300750.SZ,2025-11-10,宁德时代,,CNY
740.89,757.72,738.01,740.12,193031.75,300750.SZ,2025-11-11,宁德时代,,CNY
750.06,754.31,737.01,741.62,212998.25,300750.SZ,2025-11-12,宁德时代,,CNY
739.06,808.64,739.06,797.7,562654.49,300750.SZ,2025-11-13,宁德时代,,CNY
781.2,795.78,775.21,775.67,241721.2,300750.SZ,2025-11-14,宁德时代,,CNY
744.73,753.17,734.17,750.06,476855.03,300750.SZ,2025-11-17,宁德时代,,CNY
746.65,765.13,731.29,738.97,395658.14,300750.SZ,2025-11-18,宁德时代,,CNY
739.93,764.77,738.89,750.68,292666.86,300750.SZ,2025-11-19,宁德时代,,CNY
757.97,758.16,723.63,728.2,336742.85,300750.SZ,2025-11-20,宁德时代,,CNY
719.77,735.13,710.18,710.18,316313.35,300750.SZ,2025-11-21,宁德时代,,CNY
717.47,719.58,704.77,711.23,228458.19,300750.SZ,2025-11-24,宁德时代,,CNY
719.77,728.72,711.31,714.71,206332.46,300750.SZ,2025-11-25,宁德时代,,CNY
720.73,720.73,710.31,715.59,189106.6,300750.SZ,2025-11-26,宁德时代,,CNY
715.94,727.22,710.18,712.48,222002.59,300750.SZ,2025-11-27,宁德时代,,CNY
711.14,720.7,702.81,716.32,203402.63,300750.SZ,2025-11-28,宁德时代,,CNY
719.31,735.07,717.91,735.07,267510.13,300750.SZ,2025-12-01,宁德时代,,CNY
736.09,738.93,724.38,729.53,163484.61,300750.SZ,2025-12-02,宁德时代,,CNY
729.54,735.84,719.77,721.85,139911.35,300750.SZ,2025-12-03,宁德时代,,CNY
727.82,736.28,720.06,735.8,191658.09,300750.SZ,2025-12-04,宁德时代,,CNY
743.19,747.24,733.21,746.82,232915.59,300750.SZ,2025-12-05,宁德时代,,CNY
749.39,758.89,739.93,753.36,216597.58,300750.SZ,2025-12-08,宁德时代,,CNY
751.45,752.9,740.89,743.94,186917.73,300750.SZ,2025-12-09,宁德时代,,CNY
739.06,744.73,724.11,733.94,194334.05,300750.SZ,2025-12-10,宁德时代,,CNY
738.78,765.57,735.86,746.63,282153.78,300750.SZ,2025-12-11,宁德时代,,CNY
752.4,755.07,739.93,752.02,240020.22,300750.SZ,2025-12-12,宁德时代,,CNY
751.45,758.11,739.37,739.93,182749.93,300750.SZ,2025-12-15,宁德时代,,CNY
740.89,746.8,725.59,726.32,191216.76,300750.SZ,2025-12-16,宁德时代,,CNY
722.56,738.01,719.89,735.94,222574.08,300750.SZ,2025-12-17,宁德时代,,CNY
728.55,731.2,710.2,714.02,296392.83,300750.SZ,2025-12-18,宁德时代,,CNY
718.01,724.92,711.71,717.86,175599.45,300750.SZ,2025-12-19,宁德时代,,CNY
721.69,725.51,706.53,713.71,254935.38,300750.SZ,2025-12-22,宁德时代,,CNY
714.02,730.33,713.25,725.73,236040.86,300750.SZ,2025-12-23,宁德时代,,CNY
725.69,725.69,714.02,720.93,210883.87,300750.SZ,2025-12-24,宁德时代,,CNY
718.26,718.26,708.49,715.96,203431.44,300750.SZ,2025-12-25,宁德时代,,CNY
715.86,725.53,710.37,718.68,257236.89,300750.SZ,2025-12-26,宁德时代,,CNY
717.86,718.68,706.34,708.85,241240.72,300750.SZ,2025-12-29,宁德时代,,CNY
704.61,712.1,703.58,708.64,190308.21,300750.SZ,2025-12-30,宁德时代,,CNY
709.77,714.02,704.71,704.92,160265.97,300750.SZ,2025-12-31,宁德时代,,CNY
710.18,725.53,706.7,724.57,336881.35,300750.SZ,2026-01-05,宁德时代,,CNY
729.37,730.33,708.34,717.84,341477.1,300750.SZ,2026-01-06,宁德时代,,CNY
715.84,720.7,707.28,712.12,262285.35,300750.SZ,2026-01-07,宁德时代,,CNY
706.34,716.57,704.42,708.66,269590.35,300750.SZ,2026-01-08,宁德时代,,CNY
708.58,724.82,704.44,708.7,314771.87,300750.SZ,2026-01-09,宁德时代,,CNY
706.34,706.34,674.98,694.21,488307.39,300750.SZ,2026-01-12,宁德时代,,CNY
702.98,705.9,685.23,689.06,296709.2,300750.SZ,2026-01-13,宁德时代,,CNY
691.04,693.33,675.07,679.43,380833.65,300750.SZ,2026-01-14,宁德时代,,CNY
677.07,687.68,675.24,678.99,323709.12,300750.SZ,2026-01-15,宁德时代,,CNY
687.13,694.29,674.69,676.24,319818.42,300750.SZ,2026-01-16,宁德时代,,CNY
674.61,682.04,662.83,669.68,338642.84,300750.SZ,2026-01-19,宁德时代,,CNY
671.79,685.05,667.76,671.02,354405.89,300750.SZ,2026-01-20,宁德时代,,CNY
675.51,686.55,669.87,671.43,393935.73,300750.SZ,2026-01-21,宁德时代,,CNY
673.77,678.95,651.64,663.73,459948.18,300750.SZ,2026-01-22,宁德时代,,CNY
667.97,671.79,658.83,666.03,339761.27,300750.SZ,2026-01-23,宁德时代,,CNY
675.67,676.68,654.92,656.53,332913.86,300750.SZ,2026-01-26,宁德时代,,CNY
661.98,662.0,641.12,651.44,322948.85,300750.SZ,2026-01-27,宁德时代,,CNY
648.53,660.27,639.18,652.58,463081.71,300750.SZ,2026-01-28,宁德时代,,CNY
653.56,662.5,649.06,656.22,338444.19,300750.SZ,2026-01-29,宁德时代,,CNY
668.72,679.01,660.47,671.79,486501.15,300750.SZ,2026-01-30,宁德时代,,CNY
685.23,687.13,660.52,669.83,391917.47,300750.SZ,2026-02-02,宁德时代,,CNY
669.87,677.16,659.31,667.78,265163.25,300750.SZ,2026-02-03,宁德时代,,CNY
673.63,703.75,667.01,700.64,485316.85,300750.SZ,2026-02-04,宁德时代,,CNY
702.06,703.94,683.34,696.63,284271.57,300750.SZ,2026-02-05,宁德时代,,CNY
689.68,715.71,687.16,708.47,393726.18,300750.SZ,2026-02-06,宁德时代,,CNY
711.14,714.98,695.97,707.91,274486.3,300750.SZ,2026-02-09,宁德时代,,CNY
700.91,711.71,698.66,700.52,185634.99,300750.SZ,2026-02-10,宁德时代,,CNY
704.23,712.08,699.62,706.34,196534.59,300750.SZ,2026-02-11,宁德时代,,CNY
710.18,725.3,706.4,721.44,277545.8,300750.SZ,2026-02-12,宁德时代,,CNY
720.95,723.61,700.6,701.23,223145.32,300750.SZ,2026-02-13,宁德时代,,CNY
715.25,716.9,694.73,694.73,226951.31,300750.SZ,2026-02-24,宁德时代,,CNY
698.07,703.65,691.18,695.17,187166.39,300750.SZ,2026-02-25,宁德时代,,CNY
683.4,687.53,659.31,664.11,435413.81,300750.SZ,2026-02-26,宁德时代,,CNY
666.26,669.76,656.45,656.45,254466.2,300750.SZ,2026-02-27,宁德时代,,CNY
654.52,662.0,646.22,653.02,283513.26,300750.SZ,2026-03-02,宁德时代,,CNY
664.75,680.14,660.33,660.41,400074.79,300750.SZ,2026-03-03,宁德时代,,CNY
654.71,656.47,641.46,650.48,250804.41,300750.SZ,2026-03-04,宁德时代,,CNY
661.39,679.18,657.7,672.27,310060.68,300750.SZ,2026-03-05,宁德时代,,CNY
669.87,685.26,661.54,680.95,209631.13,300750.SZ,2026-03-06,宁德时代,,CNY
669.56,690.7,662.31,686.19,317976.13,300750.SZ,2026-03-09,宁德时代,,CNY
719.77,728.93,703.46,722.27,507417.28,300750.SZ,2026-03-10,宁德时代,,CNY
728.57,774.57,727.41,761.62,575986.85,300750.SZ,2026-03-11,宁德时代,,CNY
767.76,769.49,753.75,759.12,291503.75,300750.SZ,2026-03-12,宁德时代,,CNY
756.01,775.42,755.86,762.0,355826.39,300750.SZ,2026-03-13,宁德时代,,CNY
771.16,793.04,763.92,783.88,373521.04,300750.SZ,2026-03-16,宁德时代,,CNY
798.05,806.15,776.51,777.36,359806.78,300750.SZ,2026-03-17,宁德时代,,CNY
778.05,779.28,761.56,771.64,265299.96,300750.SZ,2026-03-18,宁德时代,,CNY
771.48,794.63,767.76,768.72,292866.35,300750.SZ,2026-03-19,宁德时代,,CNY
777.51,810.14,768.01,792.71,537296.77,300750.SZ,2026-03-20,宁德时代,,CNY
801.02,801.08,765.36,771.58,446141.45,300750.SZ,2026-03-23,宁德时代,,CNY
777.36,790.6,744.73,761.98,364105.25,300750.SZ,2026-03-24,宁德时代,,CNY
754.32,768.72,744.34,763.56,267528.28,300750.SZ,2026-03-25,宁德时代,,CNY
755.94,794.09,752.4,772.56,267636.97,300750.SZ,2026-03-26,宁德时代,,CNY
779.51,802.94,771.08,798.82,302580.43,300750.SZ,2026-03-27,宁德时代,,CNY
792.71,803.94,778.51,792.71,253484.19,300750.SZ,2026-03-30,宁德时代,,CNY
792.71,800.29,770.79,771.02,249256.45,300750.SZ,2026-03-31,宁德时代,,CNY
786.44,786.7,760.08,778.72,231700.73,300750.SZ,2026-04-01,宁德时代,,CNY
782.92,790.77,762.39,770.01,223056.38,300750.SZ,2026-04-02,宁德时代,,CNY
767.76,769.3,739.22,741.77,247515.01,300750.SZ,2026-04-03,宁德时代,,CNY
748.53,754.71,732.23,738.18,172576.22,300750.SZ,2026-04-07,宁德时代,,CNY
761.04,763.25,745.15,751.06,364184.43,300750.SZ,2026-04-08,宁德时代,,CNY
756.44,756.78,742.16,748.55,259551.99,300750.SZ,2026-04-09,宁德时代,,CNY
756.24,804.23,753.71,798.47,507887.02,300750.SZ,2026-04-10,宁德时代,,CNY
802.31,831.73,798.47,819.83,412399.24,300750.SZ,2026-04-13,宁德时代,,CNY
809.03,830.12,795.4,826.86,442208.26,300750.SZ,2026-04-14,宁德时代,,CNY
842.39,843.5,819.72,827.26,373536.28,300750.SZ,2026-04-15,宁德时代,,CNY
846.46,882.92,831.14,871.37,635062.18,300750.SZ,2026-04-16,宁德时代,,CNY
875.17,878.39,846.47,852.6,365358.48,300750.SZ,2026-04-17,宁德时代,,CNY
831.1,840.51,817.68,830.14,529278.21,300750.SZ,2026-04-20,宁德时代,,CNY
834.94,863.98,815.94,859.12,577745.62,300750.SZ,2026-04-21,宁德时代,,CNY
859.75,873.32,844.39,850.66,460254.32,300750.SZ,2026-04-22,宁德时代,,CNY
864.6,864.8,848.03,855.64,354309.66,300750.SZ,2026-04-23,宁德时代,,CNY
861.68,874.25,853.88,867.33,395424.97,300750.SZ,2026-04-24,宁德时代,,CNY
866.81,874.86,845.69,847.8,330612.83,300750.SZ,2026-04-27,宁德时代,,CNY
830.86,844.72,824.64,833.74,350121.13,300750.SZ,2026-04-28,宁德时代,,CNY
842.18,867.82,834.39,867.53,376335.6,300750.SZ,2026-04-29,宁德时代,,CNY
870.45,876.3,849.98,849.98,298120.94,300750.SZ,2026-04-30,宁德时代,,CNY
891.9,908.23,874.6,896.77,473727.18,300750.SZ,2026-05-06,宁德时代,,CNY
913.83,913.83,871.43,880.47,386212.74,300750.SZ,2026-05-07,宁德时代,,CNY
875.33,888.0,850.37,851.93,366048.51,300750.SZ,2026-05-08,宁德时代,,CNY
857.78,878.27,848.23,869.69,341901.01,300750.SZ,2026-05-11,宁德时代,,CNY
870.63,871.13,836.9,840.72,341514.97,300750.SZ,2026-05-12,宁德时代,,CNY
840.25,851.11,832.59,846.18,316858.23,300750.SZ,2026-05-13,宁德时代,,CNY
876.07,878.15,832.44,832.44,347046.14,300750.SZ,2026-05-14,宁德时代,,CNY
834.54,841.21,820.74,825.81,297048.93,300750.SZ,2026-05-15,宁德时代,,CNY
819.92,824.44,807.09,813.39,284983.47,300750.SZ,2026-05-18,宁德时代,,CNY
810.72,818.6,793.06,814.74,260876.68,300750.SZ,2026-05-19,宁德时代,,CNY
812.94,824.62,804.48,808.56,281190.31,300750.SZ,2026-05-20,宁德时代,,CNY
818.54,833.65,802.06,802.47,338671.72,300750.SZ,2026-05-21,宁德时代,,CNY
808.46,811.97,799.29,801.56,277883.81,300750.SZ,2026-05-22,宁德时代,,CNY
13052.19,13082.87,12929.85,13014.01,22465.6,600519.SH,2023-05-25,贵州茅台,,CNY
13021.66,13044.61,12815.17,12934.14,18291.1,600519.SH,2023-05-26,贵州茅台,,CNY
12983.41,12993.74,12838.04,12922.2,17771.41,600519.SH,2023-05-29,贵州茅台,,CNY
12922.2,12997.87,12689.31,12763.75,26453.4,600519.SH,2023-05-30,贵州茅台,,CNY
12708.06,12744.09,12445.33,12462.39,36956.97,600519.SH,2023-05-31,贵州茅台,,CNY
12379.32,12815.35,12379.32,12516.42,28645.25,600519.SH,2023-06-01,贵州茅台,,CNY
12585.9,12801.27,12517.88,12781.76,25058.02,600519.SH,2023-06-02,贵州茅台,,CNY
12747.79,12875.71,12723.61,12738.91,16200.5,600519.SH,2023-06-05,贵州茅台,,CNY
12777.17,12884.28,12636.01,12754.14,19913.92,600519.SH,2023-06-06,贵州茅台,,CNY
12800.05,12844.5,12624.15,12631.04,17889.64,600519.SH,2023-06-07,贵州茅台,,CNY
12668.76,12815.42,12624.23,12761.87,14702.72,600519.SH,2023-06-08,贵州茅台,,CNY
12792.4,12838.15,12746.57,12746.57,17580.41,600519.SH,2023-06-09,贵州茅台,,CNY
12746.72,13067.91,12712.29,12976.1,27029.44,600519.SH,2023-06-12,贵州茅台,,CNY
12959.88,13041.97,12891.93,12999.05,14662.54,600519.SH,2023-06-13,贵州茅台,,CNY
13152.07,13268.67,13054.21,13212.36,31505.8,600519.SH,2023-06-14,贵州茅台,,CNY
13238.83,13432.48,13182.67,13427.5,25222.57,600519.SH,2023-06-15,贵州茅台,,CNY
13442.81,13771.8,13390.02,13754.13,37917.89,600519.SH,2023-06-16,贵州茅台,,CNY
13695.29,13756.12,13297.44,13343.34,31699.92,600519.SH,2023-06-19,贵州茅台,,CNY
13312.74,13504.01,13274.48,13339.21,20946.74,600519.SH,2023-06-20,贵州茅台,,CNY
13312.74,13439.75,13274.48,13280.84,17720.61,600519.SH,2023-06-21,贵州茅台,,CNY
13160.56,13236.23,12968.44,13075.56,23992.68,600519.SH,2023-06-26,贵州茅台,,CNY
13083.13,13157.42,13007.39,13091.24,15174.46,600519.SH,2023-06-27,贵州茅台,,CNY
13107.54,13266.83,13090.86,13223.84,18573.56,600519.SH,2023-06-28,贵州茅台,,CNY
13243.88,13274.41,13106.24,13111.6,14231.16,600519.SH,2023-06-29,贵州茅台,,CNY
13205.6,13275.43,13100.58,13135.69,20458.69,600519.SH,2023-06-30,贵州茅台,,CNY
13197.83,13401.98,13143.46,13392.81,19139.09,600519.SH,2023-07-03,贵州茅台,,CNY
13393.59,13473.13,13346.05,13443.3,12472.38,600519.SH,2023-07-04,贵州茅台,,CNY
13438.64,13453.94,13205.6,13325.07,14745.39,600519.SH,2023-07-05,贵州茅台,,CNY
13276.75,13461.94,13205.6,13228.75,15140.62,600519.SH,2023-07-06,贵州茅台,,CNY
13213.37,13275.43,13127.92,13128.15,15167.42,600519.SH,2023-07-07,贵州茅台,,CNY
13244.44,13321.81,13205.6,13212.59,13477.41,600519.SH,2023-07-10,贵州茅台,,CNY
13283.28,13323.44,13221.91,13283.28,12582.7,600519.SH,2023-07-11,贵州茅台,,CNY
13306.89,13384.26,13293.61,13312.8,13284.67,600519.SH,2023-07-12,贵州茅台,,CNY
13376.42,13558.34,13353.27,13503.89,25806.54,600519.SH,2023-07-13,贵州茅台,,CNY
13640.61,13660.03,13525.64,13617.3,18550.3,600519.SH,2023-07-14,贵州茅台,,CNY
13601.77,13601.77,13412.23,13438.41,14336.48,600519.SH,2023-07-17,贵州茅台,,CNY
13466.45,13473.67,13368.73,13382.71,14737.65,600519.SH,2023-07-18,贵州茅台,,CNY
13322.2,13423.1,13312.8,13384.26,12483.22,600519.SH,2023-07-19,贵州茅台,,CNY
13423.03,13586.08,13376.5,13392.03,16692.65,600519.SH,2023-07-20,贵州茅台,,CNY
13453.24,13768.78,13407.57,13759.46,39377.4,600519.SH,2023-07-21,贵州茅台,,CNY
13598.04,13758.29,13598.04,13758.29,19713.37,600519.SH,2023-07-24,贵州茅台,,CNY
13982.4,14206.74,13982.32,14204.18,43086.46,600519.SH,2023-07-25,贵州茅台,,CNY
14204.18,14261.97,14099.54,14204.18,19611.45,600519.SH,2023-07-26,贵州茅台,,CNY
14262.05,14408.01,14205.34,14277.82,20340.43,600519.SH,2023-07-27,贵州茅台,,CNY
14230.98,14759.2,14199.98,14735.9,39017.92,600519.SH,2023-07-28,贵州茅台,,CNY
14821.34,15031.08,14557.23,14608.35,45378.61,600519.SH,2023-07-31,贵州茅台,,CNY
14588.38,14813.19,14587.45,14673.75,19230.62,600519.SH,2023-08-01,贵州茅台,,CNY
14630.25,14681.52,14501.3,14603.84,18508.72,600519.SH,2023-08-02,贵州茅台,,CNY
14526.16,14681.52,14374.68,14591.95,21543.47,600519.SH,2023-08-03,贵州茅台,,CNY
14664.59,14809.85,14619.38,14708.47,24573.64,600519.SH,2023-08-04,贵州茅台,,CNY
14611.22,14743.66,14534.16,14665.44,23892.45,600519.SH,2023-08-07,贵州茅台,,CNY
14604.07,14710.34,14480.17,14681.52,17736.18,600519.SH,2023-08-08,贵州茅台,,CNY
14681.52,14798.04,14626.83,14683.7,18523.46,600519.SH,2023-08-09,贵州茅台,,CNY
14619.38,14673.75,14466.35,14565.0,18436.19,600519.SH,2023-08-10,贵州茅台,,CNY
14642.68,14645.79,14245.58,14246.51,26786.49,600519.SH,2023-08-11,贵州茅台,,CNY
14060.08,14176.44,13951.33,14005.7,23731.19,600519.SH,2023-08-14,贵州茅台,,CNY
14052.31,14122.22,13990.25,14083.23,14817.99,600519.SH,2023-08-15,贵州茅台,,CNY
14041.28,14163.78,14029.01,14137.76,13184.31,600519.SH,2023-08-16,贵州茅台,,CNY
14029.63,14246.51,13994.44,14200.29,17290.37,600519.SH,2023-08-17,贵州茅台,,CNY
14230.9,14254.2,14002.52,14002.52,17023.34,600519.SH,2023-08-18,贵州茅台,,CNY
13928.02,14091.07,13905.26,13912.49,18911.81,600519.SH,2023-08-21,贵州茅台,,CNY
13990.09,14002.29,13757.28,13889.18,26650.36,600519.SH,2023-08-22,贵州茅台,,CNY
13959.1,13982.4,13749.98,13780.43,19912.22,600519.SH,2023-08-23,贵州茅台,,CNY
13824.09,14199.9,13788.2,14109.02,26055.09,600519.SH,2023-08-24,贵州茅台,,CNY
14050.68,14275.8,14029.09,14176.44,18830.86,600519.SH,2023-08-25,贵州茅台,,CNY
14748.17,14748.17,14230.04,14254.05,41052.13,600519.SH,2023-08-28,贵州茅台,,CNY
14199.9,14519.01,14199.9,14381.13,28950.28,600519.SH,2023-08-29,贵州茅台,,CNY
14509.85,14510.62,14321.55,14417.41,19811.81,600519.SH,2023-08-30,贵州茅台,,CNY
14448.48,14448.48,14300.97,14347.5,14820.22,600519.SH,2023-08-31,贵州茅台,,CNY
14392.78,14490.97,14339.96,14378.96,13145.19,600519.SH,2023-09-01,贵州茅台,,CNY
14468.68,14603.37,14398.22,14495.09,23871.0,600519.SH,2023-09-04,贵州茅台,,CNY
14510.62,14510.62,14423.62,14438.38,15658.74,600519.SH,2023-09-05,贵州茅台,,CNY
14432.94,14500.21,14363.11,14456.25,11121.43,600519.SH,2023-09-06,贵州茅台,,CNY
14391.0,14424.32,14224.68,14277.58,16981.57,600519.SH,2023-09-07,贵州茅台,,CNY
14253.81,14253.81,14098.53,14126.11,12211.78,600519.SH,2023-09-08,贵州茅台,,CNY
14044.54,14293.12,14044.54,14154.62,15926.0,600519.SH,2023-09-11,贵州茅台,,CNY
14189.03,14191.98,14106.84,14137.45,12168.01,600519.SH,2023-09-12,贵州茅台,,CNY
14214.82,14214.82,13982.79,14137.06,19501.43,600519.SH,2023-09-13,贵州茅台,,CNY
14157.41,14191.98,14029.01,14127.58,17504.59,600519.SH,2023-09-14,贵州茅台,,CNY
14129.99,14136.05,13837.14,13842.5,28431.46,600519.SH,2023-09-15,贵州茅台,,CNY
13798.38,14211.56,13772.66,14209.23,32558.92,600519.SH,2023-09-18,贵州茅台,,CNY
14154.85,14207.67,14044.54,14191.67,14989.5,600519.SH,2023-09-19,贵州茅台,,CNY
14153.3,14215.44,14122.61,14168.83,12501.78,600519.SH,2023-09-20,贵州茅台,,CNY
14122.3,14153.3,13969.89,13969.89,19489.19,600519.SH,2023-09-21,贵州茅台,,CNY
14026.13,14370.49,13923.44,14363.03,34390.46,600519.SH,2023-09-22,贵州茅台,,CNY
14351.38,14355.26,14188.95,14233.93,13979.13,600519.SH,2023-09-25,贵州茅台,,CNY
14199.9,14253.35,14084.16,14106.69,15761.96,600519.SH,2023-09-26,贵州茅台,,CNY
14098.92,14242.63,14004.15,14091.15,20879.94,600519.SH,2023-09-27,贵州茅台,,CNY
14176.44,14176.44,13965.31,13971.14,20537.84,600519.SH,2023-09-28,贵州茅台,,CNY
13958.63,13958.63,13709.74,13803.74,29762.68,600519.SH,2023-10-09,贵州茅台,,CNY
13849.49,13974.48,13733.82,13749.36,20283.92,600519.SH,2023-10-10,贵州茅台,,CNY
13863.16,13863.16,13733.82,13815.39,21944.86,600519.SH,2023-10-11,贵州茅台,,CNY
13966.09,13968.65,13805.29,13873.65,14865.07,600519.SH,2023-10-12,贵州茅台,,CNY
13756.2,13811.58,13502.26,13601.77,25027.88,600519.SH,2023-10-13,贵州茅台,,CNY
13601.61,13640.61,13379.99,13437.86,20789.65,600519.SH,2023-10-16,贵州茅台,,CNY
13508.55,13511.97,13329.89,13407.57,14945.23,600519.SH,2023-10-17,贵州茅台,,CNY
13351.64,13531.86,13339.05,13423.1,20317.5,600519.SH,2023-10-18,贵州茅台,,CNY
13205.6,13205.83,12631.0,12661.84,73492.37,600519.SH,2023-10-19,贵州茅台,,CNY
12661.84,12856.04,12555.03,12778.36,45376.01,600519.SH,2023-10-20,贵州茅台,,CNY
12661.61,12894.88,12596.59,12770.44,25234.23,600519.SH,2023-10-23,贵州茅台,,CNY
12801.66,12843.3,12593.56,12762.44,29861.46,600519.SH,2023-10-24,贵州茅台,,CNY
12973.41,13190.06,12949.41,13030.82,36178.98,600519.SH,2023-10-25,贵州茅台,,CNY
12949.26,13112.38,12910.49,12989.88,22386.35,600519.SH,2023-10-26,贵州茅台,,CNY
12925.95,13142.52,12899.54,13024.68,34262.39,600519.SH,2023-10-27,贵州茅台,,CNY
12964.79,13119.22,12964.79,13058.01,24086.42,600519.SH,2023-10-30,贵州茅台,,CNY
13050.24,13127.92,12955.86,13085.82,19858.77,600519.SH,2023-10-31,贵州茅台,,CNY
14370.8,14370.8,13778.8,13834.73,93143.08,600519.SH,2023-11-01,贵州茅台,,CNY
13943.56,13943.56,13796.43,13823.16,27907.64,600519.SH,2023-11-02,贵州茅台,,CNY
13827.04,14098.07,13780.43,14069.71,30176.0,600519.SH,2023-11-03,贵州茅台,,CNY
14137.76,14167.2,13991.1,14075.62,25523.92,600519.SH,2023-11-06,贵州茅台,,CNY
14021.24,14060.08,13858.73,13913.81,19581.59,600519.SH,2023-11-07,贵州茅台,,CNY
13858.5,14011.92,13849.33,13969.51,14545.67,600519.SH,2023-11-08,贵州茅台,,CNY
13905.57,13974.63,13850.34,13936.65,12800.48,600519.SH,2023-11-09,贵州茅台,,CNY
13831.31,13889.18,13773.44,13794.73,16465.57,600519.SH,2023-11-10,贵州茅台,,CNY
13767.07,13864.95,13648.22,13702.75,18369.95,600519.SH,2023-11-13,贵州茅台,,CNY
13702.75,13788.12,13671.76,13712.62,12816.75,600519.SH,2023-11-14,贵州茅台,,CNY
13819.27,13849.49,13726.06,13772.12,18434.86,600519.SH,2023-11-15,贵州茅台,,CNY
13780.43,13795.97,13672.07,13672.07,12557.57,600519.SH,2023-11-16,贵州茅台,,CNY
13609.54,13663.91,13500.01,13620.57,21713.63,600519.SH,2023-11-17,贵州茅台,,CNY
13632.84,13745.48,13490.37,13691.1,18608.04,600519.SH,2023-11-20,贵州茅台,,CNY
13853.61,13966.86,13750.14,13904.72,30098.45,600519.SH,2023-11-21,贵州茅台,,CNY
13852.67,13938.51,13831.23,13838.77,12664.57,600519.SH,2023-11-22,贵州茅台,,CNY
13813.83,13889.18,13757.13,13873.65,11549.64,600519.SH,2023-11-23,贵州茅台,,CNY
13896.95,13896.95,13788.2,13803.74,13085.4,600519.SH,2023-11-24,贵州茅台,,CNY
13774.99,13774.99,13632.84,13694.98,16260.74,600519.SH,2023-11-27,贵州茅台,,CNY
13679.45,13779.5,13656.14,13741.9,14519.76,600519.SH,2023-11-28,贵州茅台,,CNY
13733.82,13795.97,13656.14,13785.95,17149.33,600519.SH,2023-11-29,贵州茅台,,CNY
13801.56,13941.7,13757.75,13916.37,21353.42,600519.SH,2023-11-30,贵州茅台,,CNY
13899.36,13902.39,13578.46,13673.86,33051.31,600519.SH,2023-12-01,贵州茅台,,CNY
13673.86,13685.9,13557.34,13599.52,18440.47,600519.SH,2023-12-04,贵州茅台,,CNY
13584.52,13585.3,13267.9,13275.51,29903.01,600519.SH,2023-12-05,贵州茅台,,CNY
13226.03,13356.84,13214.38,13228.9,23851.29,600519.SH,2023-12-06,贵州茅台,,CNY
13236.67,13276.13,13106.95,13205.6,25041.5,600519.SH,2023-12-07,贵州茅台,,CNY
13205.6,13274.27,13145.16,13243.82,26288.01,600519.SH,2023-12-08,贵州茅台,,CNY
13127.92,13236.67,12871.58,13190.06,36830.98,600519.SH,2023-12-11,贵州茅台,,CNY
13109.28,13283.2,13081.31,13283.2,21010.66,600519.SH,2023-12-12,贵州茅台,,CNY
13246.15,13250.03,12872.2,12894.88,38788.7,600519.SH,2023-12-13,贵州茅台,,CNY
12941.18,12971.55,12700.84,12707.67,40672.15,600519.SH,2023-12-14,贵州茅台,,CNY
12803.45,13032.92,12770.67,12778.36,37092.51,600519.SH,2023-12-15,贵州茅台,,CNY
12739.52,12920.75,12700.68,12910.42,19897.34,600519.SH,2023-12-18,贵州茅台,,CNY
12933.72,13049.23,12779.06,13011.4,22206.76,600519.SH,2023-12-19,贵州茅台,,CNY
13027.9,13043.62,12910.04,12963.39,23092.03,600519.SH,2023-12-20,贵州茅台,,CNY
12886.54,13140.42,12886.54,13122.19,29011.68,600519.SH,2023-12-21,贵州茅台,,CNY
13119.83,13193.7,13027.98,13127.3,21666.84,600519.SH,2023-12-22,贵州茅台,,CNY
13130.05,13189.77,13106.48,13137.91,12471.06,600519.SH,2023-12-25,贵州茅台,,CNY
13141.84,13160.69,13023.97,13122.19,14771.26,600519.SH,2023-12-26,贵州茅台,,CNY
13106.48,13178.37,13051.47,13099.09,16055.5,600519.SH,2023-12-27,贵州茅台,,CNY
13129.97,13577.85,13099.09,13554.28,38338.06,600519.SH,2023-12-28,贵州茅台,,CNY
13515.07,13747.5,13515.07,13562.22,27538.68,600519.SH,2023-12-29,贵州茅台,,CNY
13475.78,13500.85,13185.84,13240.13,32156.44,600519.SH,2024-01-02,贵州茅台,,CNY
13209.49,13320.36,13171.93,13310.77,20229.29,600519.SH,2024-01-03,贵州茅台,,CNY
13302.92,13302.92,13066.64,13114.33,21551.07,600519.SH,2024-01-04,贵州茅台,,CNY
13054.07,13190.24,12981.62,13070.02,20242.86,600519.SH,2024-01-05,贵州茅台,,CNY
13051.47,13059.33,12886.54,12917.82,25586.2,600519.SH,2024-01-08,贵州茅台,,CNY
12894.4,12983.27,12847.73,12894.32,24412.04,600519.SH,2024-01-09,贵州茅台,,CNY
12895.11,13039.37,12870.75,12898.25,17350.67,600519.SH,2024-01-10,贵州茅台,,CNY
12887.25,13027.43,12871.22,12938.09,16440.55,600519.SH,2024-01-11,贵州茅台,,CNY
12886.23,12974.94,12881.75,12910.51,11603.24,600519.SH,2024-01-12,贵州茅台,,CNY
12847.18,13004.09,12842.85,12886.46,17854.03,600519.SH,2024-01-15,贵州茅台,,CNY
12874.68,12941.47,12768.13,12881.99,25903.14,600519.SH,2024-01-16,贵州茅台,,CNY
12807.89,12850.95,12391.44,12391.44,51632.76,600519.SH,2024-01-17,贵州茅台,,CNY
12367.86,12672.74,12222.89,12657.57,60439.81,600519.SH,2024-01-18,贵州茅台,,CNY
12641.86,12870.83,12579.07,12847.18,46378.43,600519.SH,2024-01-19,贵州茅台,,CNY
12800.03,12910.04,12720.51,12902.18,46945.89,600519.SH,2024-01-22,贵州茅台,,CNY
12823.68,12886.07,12642.88,12721.45,34834.9,600519.SH,2024-01-23,贵州茅台,,CNY
12800.03,12838.06,12600.13,12776.46,33216.35,600519.SH,2024-01-24,贵州茅台,,CNY
12782.9,12894.32,12745.03,12870.75,31205.8,600519.SH,2024-01-25,贵州茅台,,CNY
12810.72,12918.68,12752.88,12865.41,26954.75,600519.SH,2024-01-26,贵州茅台,,CNY
12888.82,13048.17,12888.74,12965.04,31420.68,600519.SH,2024-01-29,贵州茅台,,CNY
12964.88,12964.88,12650.74,12674.31,30866.33,600519.SH,2024-01-30,贵州茅台,,CNY
12674.31,12729.08,12557.47,12610.74,29649.12,600519.SH,2024-01-31,贵州茅台,,CNY
12615.38,12759.88,12580.02,12650.97,26485.15,600519.SH,2024-02-01,贵州茅台,,CNY
12690.02,12790.44,12422.87,12540.73,39382.02,600519.SH,2024-02-02,贵州茅台,,CNY
12540.73,12866.35,12534.84,12807.97,53130.36,600519.SH,2024-02-05,贵州茅台,,CNY
12807.97,13243.83,12777.24,13169.34,52472.04,600519.SH,2024-02-06,贵州茅台,,CNY
13208.86,13472.56,13056.27,13444.28,52601.07,600519.SH,2024-02-07,贵州茅台,,CNY
13515.15,13554.36,13240.06,13405.07,46756.54,600519.SH,2024-02-08,贵州茅台,,CNY
13655.49,13655.96,13263.63,13322.01,36977.44,600519.SH,2024-02-19,贵州茅台,,CNY
13337.18,13337.18,13016.59,13122.19,34470.07,600519.SH,2024-02-20,贵州茅台,,CNY
13090.92,13601.51,13059.33,13496.69,46154.07,600519.SH,2024-02-21,贵州茅台,,CNY
13416.85,13538.72,13362.08,13502.34,22793.61,600519.SH,2024-02-22,贵州茅台,,CNY
13445.22,13549.49,13358.08,13468.63,27305.89,600519.SH,2024-02-23,贵州茅台,,CNY
13420.78,13426.6,13240.21,13318.47,27318.32,600519.SH,2024-02-26,贵州茅台,,CNY
13224.34,13302.29,13185.05,13275.42,22079.85,600519.SH,2024-02-27,贵州茅台,,CNY
13270.86,13330.97,13153.7,13212.95,31867.31,600519.SH,2024-02-28,贵州茅台,,CNY
13212.95,13330.42,13194.48,13318.63,24758.33,600519.SH,2024-02-29,贵州茅台,,CNY
13279.34,13318.4,13174.68,13240.53,26867.96,600519.SH,2024-03-01,贵州茅台,,CNY
13192.91,13208.55,13122.58,13171.69,26484.77,600519.SH,2024-03-04,贵州茅台,,CNY
13128.56,13334.35,13096.1,13319.42,36238.37,600519.SH,2024-03-05,贵州茅台,,CNY
13287.2,13318.63,13185.21,13205.09,22142.48,600519.SH,2024-03-06,贵州茅台,,CNY
13200.77,13277.77,13185.05,13229.29,21599.12,600519.SH,2024-03-07,贵州茅台,,CNY
13205.17,13253.26,13122.58,13133.43,22156.23,600519.SH,2024-03-08,贵州茅台,,CNY
13161.48,13349.12,13147.18,13314.62,29895.09,600519.SH,2024-03-11,贵州茅台,,CNY
13310.3,13743.73,13283.27,13711.51,54226.54,600519.SH,2024-03-12,贵州茅台,,CNY
13671.99,13735.08,13515.86,13573.61,26499.54,600519.SH,2024-03-13,贵州茅台,,CNY
13507.21,13631.68,13448.28,13488.59,19404.79,600519.SH,2024-03-14,贵州茅台,,CNY
13456.14,13612.51,13452.21,13495.35,17833.58,600519.SH,2024-03-15,贵州茅台,,CNY
13475.78,13513.89,13350.06,13422.82,26055.01,600519.SH,2024-03-18,贵州茅台,,CNY
13381.49,13514.6,13303.78,13420.94,23947.53,600519.SH,2024-03-19,贵州茅台,,CNY
13384.32,13465.41,13359.73,13433.35,15249.25,600519.SH,2024-03-20,贵州茅台,,CNY
13421.57,13507.21,13393.28,13428.64,16595.97,600519.SH,2024-03-21,贵州茅台,,CNY
13397.44,13428.56,13263.63,13368.53,25456.14,600519.SH,2024-03-22,贵州茅台,,CNY
13346.45,13348.26,13205.33,13271.56,24472.85,600519.SH,2024-03-25,贵州茅台,,CNY
13259.39,13458.5,13259.39,13430.92,28069.07,600519.SH,2024-03-26,贵州茅台,,CNY
13397.21,13452.21,13350.06,13365.78,18112.58,600519.SH,2024-03-27,贵州茅台,,CNY
13318.63,13499.36,13304.49,13370.81,24642.18,600519.SH,2024-03-28,贵州茅台,,CNY
13370.81,13444.28,13342.99,13380.71,13456.55,600519.SH,2024-03-29,贵州茅台,,CNY
13436.42,13625.08,13426.28,13525.52,27131.37,600519.SH,2024-04-01,贵州茅台,,CNY
13530.79,13554.28,13397.6,13467.85,25449.25,600519.SH,2024-04-02,贵州茅台,,CNY
13625.08,13667.82,13436.65,13476.65,29045.8,600519.SH,2024-04-03,贵州茅台,,CNY
13318.63,13326.49,13064.05,13095.95,59166.59,600519.SH,2024-04-08,贵州茅台,,CNY
13048.88,13145.76,13031.44,13061.06,25589.82,600519.SH,2024-04-09,贵州茅台,,CNY
13061.45,13082.83,12925.75,12949.17,27630.5,600519.SH,2024-04-10,贵州茅台,,CNY
12887.33,12965.04,12844.74,12949.32,22766.24,600519.SH,2024-04-11,贵州茅台,,CNY
12972.9,13075.05,12839.55,12839.55,26744.33,600519.SH,2024-04-12,贵州茅台,,CNY
12847.25,13166.27,12847.02,13145.61,35817.71,600519.SH,2024-04-15,贵州茅台,,CNY
13086.75,13197.31,13035.76,13122.19,26266.23,600519.SH,2024-04-16,贵州茅台,,CNY
13106.48,13163.05,13027.9,13098.62,24819.11,600519.SH,2024-04-17,贵州茅台,,CNY
13035.84,13224.18,13029.32,13128.32,26568.41,600519.SH,2024-04-18,贵州茅台,,CNY
13049.74,13110.41,12896.52,12938.64,23499.92,600519.SH,2024-04-19,贵州茅台,,CNY
12996.47,13191.97,12925.75,13161.95,29951.39,600519.SH,2024-04-22,贵州茅台,,CNY
13161.48,13318.63,13161.48,13297.26,24979.95,600519.SH,2024-04-23,贵州茅台,,CNY
13334.19,13357.21,13226.93,13307.63,17086.43,600519.SH,2024-04-24,贵州茅台,,CNY
13281.94,13323.35,13218.45,13303.23,14476.48,600519.SH,2024-04-25,贵州茅台,,CNY
13310.77,13467.93,13310.62,13432.02,30995.92,600519.SH,2024-04-26,贵州茅台,,CNY
13333.95,13577.93,13309.36,13389.35,41332.23,600519.SH,2024-04-29,贵州茅台,,CNY
13397.29,13592.71,13397.21,13397.21,30759.89,600519.SH,2024-04-30,贵州茅台,,CNY
13624.84,13868.66,13570.08,13830.95,59909.49,600519.SH,2024-05-06,贵州茅台,,CNY
13874.87,13969.24,13803.29,13907.95,24924.52,600519.SH,2024-05-07,贵州茅台,,CNY
13905.52,13907.72,13795.35,13860.57,14769.09,600519.SH,2024-05-08,贵州茅台,,CNY
13813.66,13868.51,13750.8,13797.95,22387.34,600519.SH,2024-05-09,贵州茅台,,CNY
13838.02,13891.29,13625.0,13664.21,26206.61,600519.SH,2024-05-10,贵州茅台,,CNY
13609.52,13614.55,13367.51,13405.07,37662.12,600519.SH,2024-05-13,贵州茅台,,CNY
13404.99,13462.19,13358.0,13373.48,21274.17,600519.SH,2024-05-14,贵州茅台,,CNY
13378.19,13420.78,13346.84,13357.92,15738.76,600519.SH,2024-05-15,贵州茅台,,CNY
13397.21,13435.55,13279.34,13393.28,29679.54,600519.SH,2024-05-16,贵州茅台,,CNY
13358.0,13488.2,13357.92,13475.78,28923.88,600519.SH,2024-05-17,贵州茅台,,CNY
13499.28,13617.14,13421.65,13428.64,31425.72,600519.SH,2024-05-20,贵州茅台,,CNY
13420.78,13434.37,13343.46,13397.21,16293.39,600519.SH,2024-05-21,贵州茅台,,CNY
13381.49,13436.18,13287.2,13339.93,20285.68,600519.SH,2024-05-22,贵州茅台,,CNY
13357.92,13408.05,13279.97,13295.14,18884.97,600519.SH,2024-05-23,贵州茅台,,CNY
13302.92,13318.63,13177.2,13177.82,20216.63,600519.SH,2024-05-24,贵州茅台,,CNY
13185.05,13259.31,13106.56,13123.13,25097.91,600519.SH,2024-05-27,贵州茅台,,CNY
13125.34,13162.82,13067.19,13080.08,23520.87,600519.SH,2024-05-28,贵州茅台,,CNY
13090.76,13200.77,13082.9,13153.62,19651.28,600519.SH,2024-05-29,贵州茅台,,CNY
13161.48,13164.47,12957.18,12957.18,32207.92,600519.SH,2024-05-30,贵州茅台,,CNY
12968.97,13071.12,12952.86,12952.86,21856.65,600519.SH,2024-05-31,贵州茅台,,CNY
12965.04,12972.27,12848.04,12881.67,30261.05,600519.SH,2024-06-03,贵州茅台,,CNY
12890.39,13012.19,12859.36,12990.18,20841.08,600519.SH,2024-06-04,贵州茅台,,CNY
12980.76,13033.24,12910.27,12917.89,19055.57,600519.SH,2024-06-05,贵州茅台,,CNY
12915.22,12980.68,12854.33,12884.97,25610.05,600519.SH,2024-06-06,贵州茅台,,CNY
12934.63,12935.02,12721.53,12722.87,33524.55,600519.SH,2024-06-07,贵州茅台,,CNY
12595.65,12611.45,12312.86,12328.57,70246.76,600519.SH,2024-06-11,贵州茅台,,CNY
12336.43,12493.58,12336.43,12349.63,33170.5,600519.SH,2024-06-12,贵州茅台,,CNY
12389.63,12390.57,12204.03,12218.65,36185.97,600519.SH,2024-06-13,贵州茅台,,CNY
12218.57,12288.97,11947.17,12218.57,59514.16,600519.SH,2024-06-14,贵州茅台,,CNY
12040.12,12169.62,11872.91,12112.49,48318.16,600519.SH,2024-06-17,贵州茅台,,CNY
12029.12,12214.95,11917.46,11955.34,41258.25,600519.SH,2024-06-18,贵州茅台,,CNY
12014.48,12062.68,11887.03,12038.62,41261.53,600519.SH,2024-06-19,贵州茅台,,CNY
12030.6,12159.01,12014.56,12031.4,24710.68,600519.SH,2024-06-20,贵州茅台,,CNY
12034.61,12070.54,11791.75,11798.01,43319.97,600519.SH,2024-06-21,贵州茅台,,CNY
11413.03,11942.3,11340.93,11842.52,63839.93,600519.SH,2024-06-24,贵州茅台,,CNY
11846.28,12054.73,11846.28,11923.68,42097.95,600519.SH,2024-06-25,贵州茅台,,CNY
11869.6,12038.58,11851.96,11943.54,29569.77,600519.SH,2024-06-26,贵州茅台,,CNY
11965.84,11981.64,11773.36,11953.73,32821.78,600519.SH,2024-06-27,贵州茅台,,CNY
11869.6,11985.81,11741.28,11768.47,38582.02,600519.SH,2024-06-28,贵州茅台,,CNY
11780.42,11813.38,11452.56,11551.85,32161.38,600519.SH,2024-07-01,贵州茅台,,CNY
11492.66,12013.96,11492.66,11955.41,51852.98,600519.SH,2024-07-02,贵州茅台,,CNY
12021.98,12134.34,11933.92,12030.0,31573.26,600519.SH,2024-07-03,贵州茅台,,CNY
12070.1,12126.24,11878.66,11915.63,24379.73,600519.SH,2024-07-04,贵州茅台,,CNY
11861.58,11975.3,11629.0,11653.06,38829.38,600519.SH,2024-07-05,贵州茅台,,CNY
11572.86,11691.32,11381.5,11388.4,39527.05,600519.SH,2024-07-08,贵州茅台,,CNY
11388.4,11668.22,11309.0,11533.0,33620.71,600519.SH,2024-07-09,贵州茅台,,CNY
11542.78,11756.36,11508.7,11529.47,23763.22,600519.SH,2024-07-10,贵州茅台,,CNY
11628.76,11781.38,11550.48,11725.96,29020.14,600519.SH,2024-07-11,贵州茅台,,CNY
11813.54,11920.93,11752.91,11860.14,23386.34,600519.SH,2024-07-12,贵州茅台,,CNY
11789.4,11933.76,11789.4,11828.7,19176.26,600519.SH,2024-07-15,贵州茅台,,CNY
11837.52,11885.64,11749.7,11837.52,20316.44,600519.SH,2024-07-16,贵州茅台,,CNY
11838.32,12054.06,11789.56,12041.23,34311.01,600519.SH,2024-07-17,贵州茅台,,CNY
12025.99,12150.3,11970.09,12010.03,28870.39,600519.SH,2024-07-18,贵州茅台,,CNY
11956.3,12264.02,11901.76,12235.47,38942.91,600519.SH,2024-07-19,贵州茅台,,CNY
12230.74,12270.44,11963.03,12021.98,28543.21,600519.SH,2024-07-22,贵州茅台,,CNY
12021.98,12038.02,11669.1,11669.1,30943.96,600519.SH,2024-07-23,贵州茅台,,CNY
11630.6,11738.87,11508.7,11548.96,24122.55,600519.SH,2024-07-24,贵州茅台,,CNY
11548.96,11612.96,11388.48,11472.53,28346.56,600519.SH,2024-07-25,贵州茅台,,CNY
11472.53,11530.51,11315.42,11405.96,32353.79,600519.SH,2024-07-26,贵州茅台,,CNY
11348.3,11404.36,11211.96,11212.12,30869.07,600519.SH,2024-07-29,贵州茅台,,CNY
11115.56,11149.97,10917.63,11067.52,51779.04,600519.SH,2024-07-30,贵州茅台,,CNY
11012.26,11446.71,11012.26,11398.67,43272.32,600519.SH,2024-07-31,贵州茅台,,CNY
11372.36,11388.4,11105.29,11117.0,32038.1,600519.SH,2024-08-01,贵州茅台,,CNY
11016.27,11203.7,11016.27,11111.31,21927.69,600519.SH,2024-08-02,贵州茅台,,CNY
11138.82,11436.52,11111.87,11308.28,37736.07,600519.SH,2024-08-05,贵州茅台,,CNY
11404.44,11420.48,11179.96,11265.69,27444.33,600519.SH,2024-08-06,贵州茅台,,CNY
11272.11,11404.36,11214.37,11352.31,20622.21,600519.SH,2024-08-07,贵州茅台,,CNY
11316.22,11614.4,11300.18,11474.13,25130.82,600519.SH,2024-08-08,贵州茅台,,CNY
11709.44,11781.38,11523.14,11523.14,30138.49,600519.SH,2024-08-09,贵州茅台,,CNY
11468.6,11572.86,11441.17,11517.52,13632.03,600519.SH,2024-08-12,贵州茅台,,CNY
11492.66,11508.7,11324.32,11412.54,16308.43,600519.SH,2024-08-13,贵州茅台,,CNY
11412.54,11427.7,11324.4,11334.67,13414.31,600519.SH,2024-08-14,贵州茅台,,CNY
11268.34,11516.64,11259.68,11443.66,23038.97,600519.SH,2024-08-15,贵州茅台,,CNY
11442.86,11516.08,11364.42,11478.22,16454.7,600519.SH,2024-08-16,贵州茅台,,CNY
11484.64,11700.22,11428.5,11432.03,20432.79,600519.SH,2024-08-19,贵州茅台,,CNY
11467.8,11468.04,11340.28,11410.21,18591.38,600519.SH,2024-08-20,贵州茅台,,CNY
11388.4,11452.4,11353.83,11368.99,15091.65,600519.SH,2024-08-21,贵州茅台,,CNY
11356.32,11388.4,11228.08,11308.6,19527.29,600519.SH,2024-08-22,贵州茅台,,CNY
11292.16,11416.47,11277.08,11348.22,15320.46,600519.SH,2024-08-23,贵州茅台,,CNY
11364.34,11419.36,11253.26,11324.24,15628.41,600519.SH,2024-08-26,贵州茅台,,CNY
11324.24,11332.26,11236.9,11260.64,13657.4,600519.SH,2024-08-27,贵州茅台,,CNY
11260.64,11276.12,11027.5,11139.78,31663.51,600519.SH,2024-08-28,贵州茅台,,CNY
11067.6,11372.36,11067.6,11334.67,27471.61,600519.SH,2024-08-29,贵州茅台,,CNY
11332.26,11693.72,11268.1,11574.38,38739.23,600519.SH,2024-08-30,贵州茅台,,CNY
11468.6,11532.76,11187.9,11187.9,34134.59,600519.SH,2024-09-02,贵州茅台,,CNY
11211.96,11348.14,11172.02,11308.2,17887.6,600519.SH,2024-09-03,贵州茅台,,CNY
11244.04,11381.9,11225.91,11228.0,14211.09,600519.SH,2024-09-04,贵州茅台,,CNY
11232.01,11284.14,11203.94,11267.14,14502.95,600519.SH,2024-09-05,贵州茅台,,CNY
11268.1,11276.12,11211.96,11211.96,10321.04,600519.SH,2024-09-06,贵州茅台,,CNY
11067.68,11177.55,10988.04,11027.5,28637.55,600519.SH,2024-09-09,贵州茅台,,CNY
10987.56,11171.86,10987.56,11051.56,19802.84,600519.SH,2024-09-10,贵州茅台,,CNY
11032.31,11114.76,10947.3,11067.6,20995.77,600519.SH,2024-09-11,贵州茅台,,CNY
11067.6,11107.7,10705.98,10707.18,47948.31,600519.SH,2024-09-12,贵州茅台,,CNY
10674.62,10682.64,10404.35,10459.12,56005.11,600519.SH,2024-09-13,贵州茅台,,CNY
10426.0,10426.08,10158.61,10160.54,46185.31,600519.SH,2024-09-18,贵州茅台,,CNY
10121.24,10368.9,9991.56,10113.22,59988.21,600519.SH,2024-09-19,贵州茅台,,CNY
10117.23,10216.68,10025.24,10136.64,39981.84,600519.SH,2024-09-20,贵州茅台,,CNY
10169.36,10373.87,10110.49,10117.55,45549.69,600519.SH,2024-09-23,贵州茅台,,CNY
10306.42,11011.46,10146.02,11008.25,100412.81,600519.SH,2024-09-24,贵州茅台,,CNY
11228.4,11444.54,11201.61,11219.98,73953.8,600519.SH,2024-09-25,贵州茅台,,CNY
11227.68,12269.56,11195.92,12262.58,97278.06,600519.SH,2024-09-26,贵州茅台,,CNY
12832.0,13066.18,12554.19,13066.18,87921.67,600519.SH,2024-09-27,贵州茅台,,CNY
13569.84,14114.24,13249.04,14018.96,157293.41,600519.SH,2024-09-30,贵州茅台,,CNY
15318.2,15318.2,13475.04,13818.46,194709.47,600519.SH,2024-10-08,贵州茅台,,CNY
13634.0,13634.0,12751.8,12793.1,120196.84,600519.SH,2024-10-09,贵州茅台,,CNY
13010.53,13378.0,12759.82,13152.8,74603.42,600519.SH,2024-10-10,贵州茅台,,CNY
12955.51,13152.48,12751.8,12872.02,41914.71,600519.SH,2024-10-11,贵州茅台,,CNY
12936.26,12997.45,12680.98,12847.96,44812.02,600519.SH,2024-10-14,贵州茅台,,CNY
12823.98,12839.94,12455.14,12465.08,43571.43,600519.SH,2024-10-15,贵州茅台,,CNY
12357.86,12429.4,12110.2,12210.45,46664.4,600519.SH,2024-10-16,贵州茅台,,CNY
12326.74,12332.03,11977.15,11986.69,39459.55,600519.SH,2024-10-17,贵州茅台,,CNY
11973.86,12574.08,11861.26,12358.82,68619.3,600519.SH,2024-10-18,贵州茅台,,CNY
12360.5,12430.76,12200.1,12260.98,42007.9,600519.SH,2024-10-21,贵州茅台,,CNY
12243.01,12512.64,12224.08,12374.86,36269.13,600519.SH,2024-10-22,贵州茅台,,CNY
12383.76,12647.14,12286.64,12571.35,40088.46,600519.SH,2024-10-23,贵州茅台,,CNY
12519.22,12631.5,12390.98,12448.64,23922.8,600519.SH,2024-10-24,贵州茅台,,CNY
12406.94,12629.82,12399.0,12501.98,27745.08,600519.SH,2024-10-25,贵州茅台,,CNY
12511.2,12551.3,12208.28,12551.3,39121.4,600519.SH,2024-10-28,贵州茅台,,CNY
12511.2,12671.6,12270.6,12283.59,41165.78,600519.SH,2024-10-29,贵州茅台,,CNY
12230.5,12440.54,12217.75,12286.64,32005.74,600519.SH,2024-10-30,贵州茅台,,CNY
12287.84,12350.8,12190.4,12252.88,29957.35,600519.SH,2024-10-31,贵州茅台,,CNY
12198.42,12391.94,12196.82,12300.67,32283.92,600519.SH,2024-11-01,贵州茅台,,CNY
12390.34,12431.0,12255.04,12416.56,29092.92,600519.SH,2024-11-04,贵州茅台,,CNY
12350.8,12653.15,12318.8,12647.46,45640.47,600519.SH,2024-11-05,贵州茅台,,CNY
12631.5,12743.7,12520.98,12599.42,37631.43,600519.SH,2024-11-06,贵州茅台,,CNY
12530.93,13261.07,12529.65,13226.1,74738.72,600519.SH,2024-11-07,贵州茅台,,CNY
13320.34,13370.22,12840.1,12911.96,60771.2,600519.SH,2024-11-08,贵州茅台,,CNY
12751.8,12911.8,12568.86,12816.04,43853.65,600519.SH,2024-11-11,贵州茅台,,CNY
12743.78,13016.46,12623.08,12649.14,49222.66,600519.SH,2024-11-12,贵州茅台,,CNY
12575.36,12725.01,12521.47,12659.57,29125.26,600519.SH,2024-11-13,贵州茅台,,CNY
12591.4,12787.49,12556.51,12621.88,29248.14,600519.SH,2024-11-14,贵州茅台,,CNY
12583.38,12702.08,12455.06,12503.18,33761.12,600519.SH,2024-11-15,贵州茅台,,CNY
12527.24,12639.44,12471.1,12503.18,27092.19,600519.SH,2024-11-18,贵州茅台,,CNY
12551.3,12586.35,12230.5,12366.2,33266.43,600519.SH,2024-11-19,贵州茅台,,CNY
12374.86,12462.84,12281.03,12389.38,21344.55,600519.SH,2024-11-20,贵州茅台,,CNY
12381.84,12422.9,12286.64,12391.94,18261.79,600519.SH,2024-11-21,贵州茅台,,CNY
12360.02,12413.12,12092.72,12092.72,33436.11,600519.SH,2024-11-22,贵州茅台,,CNY
12118.22,12286.64,12003.29,12018.53,33185.56,600519.SH,2024-11-25,贵州茅台,,CNY
12018.53,12181.42,11940.82,12102.18,25744.79,600519.SH,2024-11-26,贵州茅台,,CNY
12102.18,12207.64,12070.1,12182.78,25934.17,600519.SH,2024-11-27,贵州茅台,,CNY
12206.44,12230.42,12046.04,12174.36,23952.03,600519.SH,2024-11-28,贵州茅台,,CNY
12166.34,12471.1,12135.94,12236.43,36088.1,600519.SH,2024-11-29,贵州茅台,,CNY
12238.52,12270.52,12151.1,12230.5,26819.54,600519.SH,2024-12-02,贵州茅台,,CNY
12222.48,12261.78,12158.96,12244.45,24806.62,600519.SH,2024-12-03,贵州茅台,,CNY
12190.96,12219.75,12110.2,12190.4,23923.89,600519.SH,2024-12-04,贵州茅台,,CNY
12117.1,12173.24,12110.2,12118.22,16141.47,600519.SH,2024-12-05,贵州茅台,,CNY
12134.26,12341.98,12094.72,12198.5,32039.69,600519.SH,2024-12-06,贵州茅台,,CNY
12206.6,12268.35,12135.86,12180.78,19799.86,600519.SH,2024-12-09,贵州茅台,,CNY
12591.4,12669.43,12392.34,12403.65,60312.1,600519.SH,2024-12-10,贵州茅台,,CNY
12350.8,12471.1,12278.46,12315.51,29671.12,600519.SH,2024-12-11,贵州茅台,,CNY
12286.8,12559.32,12262.58,12557.72,41936.52,600519.SH,2024-12-12,贵州茅台,,CNY
12431.08,12471.02,12181.42,12182.38,49511.97,600519.SH,2024-12-13,贵州茅台,,CNY
12198.42,12262.58,12115.89,12248.14,32537.1,600519.SH,2024-12-16,贵州茅台,,CNY
12238.44,12583.38,12198.5,12495.16,54171.63,600519.SH,2024-12-17,贵州茅台,,CNY
12494.92,12647.54,12407.74,12603.43,41162.26,600519.SH,2024-12-18,贵州茅台,,CNY
12552.42,12574.8,12433.65,12439.1,24809.32,600519.SH,2024-12-19,贵州茅台,,CNY
12471.67,12558.58,12381.17,12397.3,28157.74,600519.SH,2024-12-20,贵州茅台,,CNY
12405.44,12527.63,12356.57,12433.55,21602.69,600519.SH,2024-12-23,贵州茅台,,CNY
12421.74,12576.5,12393.96,12534.3,22104.92,600519.SH,2024-12-24,贵州茅台,,CNY
12534.14,12534.14,12430.69,12462.46,17123.39,600519.SH,2024-12-25,贵州茅台,,CNY
12495.04,12533.98,12405.44,12444.46,18286.51,600519.SH,2024-12-26,贵州茅台,,CNY
12453.5,12511.33,12376.94,12454.07,20759.32,600519.SH,2024-12-27,贵州茅台,,CNY
12494.8,12576.17,12421.74,12421.74,25129.82,600519.SH,2024-12-30,贵州茅台,,CNY
12424.99,12584.64,12397.38,12413.59,39354.45,600519.SH,2024-12-31,贵州茅台,,CNY
12413.59,12417.58,12055.19,12120.36,50028.7,600519.SH,2025-01-02,贵州茅台,,CNY
12173.3,12177.29,11949.38,12014.47,32628.36,600519.SH,2025-01-03,贵州茅台,,CNY
11835.27,11913.95,11670.73,11729.38,44255.12,600519.SH,2025-01-06,贵州茅台,,CNY
11767.33,11826.22,11721.23,11731.01,24221.18,600519.SH,2025-01-07,贵州茅台,,CNY
11729.38,11825.65,11620.72,11749.74,35258.21,600519.SH,2025-01-08,贵州茅台,,CNY
11802.6,11929.59,11672.2,11761.96,29705.65,600519.SH,2025-01-09,贵州茅台,,CNY
11787.21,11826.71,11696.79,11696.79,21871.95,600519.SH,2025-01-10,贵州茅台,,CNY
11607.19,11765.54,11582.84,11761.79,21082.51,600519.SH,2025-01-13,贵州茅台,,CNY
11769.7,12044.44,11745.67,11994.1,30956.57,600519.SH,2025-01-14,贵州茅台,,CNY
11949.3,12011.21,11892.37,11984.08,18399.34,600519.SH,2025-01-15,贵州茅台,,CNY
12006.32,12076.86,11745.67,11781.34,26342.13,600519.SH,2025-01-16,贵州茅台,,CNY
11781.43,11900.43,11781.34,11849.52,18308.94,600519.SH,2025-01-17,贵州茅台,,CNY
11900.43,12134.94,11892.28,12012.84,31409.75,600519.SH,2025-01-20,贵州茅台,,CNY
12063.34,12071.48,11933.01,11958.67,16856.04,600519.SH,2025-01-21,贵州茅台,,CNY
11918.92,11957.04,11713.09,11737.52,28293.84,600519.SH,2025-01-22,贵州茅台,,CNY
11810.59,11957.45,11713.09,11753.81,27125.04,600519.SH,2025-01-23,贵州茅台,,CNY
11745.67,11792.83,11650.45,11696.79,31360.34,600519.SH,2025-01-24,贵州茅台,,CNY
11704.94,11761.71,11623.65,11688.57,29356.46,600519.SH,2025-01-27,贵州茅台,,CNY
11729.38,11753.81,11421.56,11434.51,40756.52,600519.SH,2025-02-05,贵州茅台,,CNY
11403.64,11582.68,11403.64,11508.15,27355.82,600519.SH,2025-02-06,贵州茅台,,CNY
11514.99,11751.21,11431.34,11696.79,37242.07,600519.SH,2025-02-07,贵州茅台,,CNY
11713.09,11729.38,11624.22,11660.22,20839.79,600519.SH,2025-02-10,贵州茅台,,CNY
11688.24,11696.47,11533.07,11550.18,23572.83,600519.SH,2025-02-11,贵州茅台,,CNY
11550.18,11770.1,11541.05,11753.81,25475.79,600519.SH,2025-02-12,贵州茅台,,CNY
11753.98,12016.5,11684.66,11933.5,43385.36,600519.SH,2025-02-13,贵州茅台,,CNY
11933.5,12030.76,11877.79,12014.47,27099.92,600519.SH,2025-02-14,贵州茅台,,CNY
12063.34,12177.21,11950.12,11986.93,32470.59,600519.SH,2025-02-17,贵州茅台,,CNY
11973.74,12161.0,11909.23,12014.47,27799.92,600519.SH,2025-02-18,贵州茅台,,CNY
12014.87,12172.81,11932.2,12144.79,32393.31,600519.SH,2025-02-19,贵州茅台,,CNY
12079.63,12152.69,12001.35,12006.32,23749.73,600519.SH,2025-02-20,贵州茅台,,CNY
12055.19,12191.46,11998.26,12122.07,36417.83,600519.SH,2025-02-21,贵州茅台,,CNY
12120.36,12214.19,12006.32,12047.62,34743.73,600519.SH,2025-02-24,贵州茅台,,CNY
11973.82,12001.35,11827.12,11843.41,28387.43,600519.SH,2025-02-25,贵州茅台,,CNY
11855.22,11932.69,11770.1,11892.37,26366.09,600519.SH,2025-02-26,贵州茅台,,CNY
11892.45,12135.83,11843.41,12100.48,49762.17,600519.SH,2025-02-27,贵州茅台,,CNY
12099.99,12449.27,12071.48,12224.53,56128.95,600519.SH,2025-02-28,贵州茅台,,CNY
12239.28,12389.07,12067.41,12112.37,31595.66,600519.SH,2025-03-03,贵州茅台,,CNY
12095.92,12104.06,11934.72,11974.63,25211.21,600519.SH,2025-03-04,贵州茅台,,CNY
11990.03,12006.32,11893.1,11944.17,24605.22,600519.SH,2025-03-05,贵州茅台,,CNY
12006.32,12301.18,11990.68,12266.81,42167.64,600519.SH,2025-03-06,贵州茅台,,CNY
12242.54,12449.1,12242.54,12389.15,37991.35,600519.SH,2025-03-07,贵州茅台,,CNY
12379.46,12437.05,12268.11,12404.63,31369.07,600519.SH,2025-03-10,贵州茅台,,CNY
12356.57,12614.62,12315.84,12614.62,39775.6,600519.SH,2025-03-11,贵州茅台,,CNY
12600.61,12622.76,12432.73,12564.93,29603.96,600519.SH,2025-03-12,贵州茅台,,CNY
12576.5,12670.17,12469.63,12525.75,25724.39,600519.SH,2025-03-13,贵州茅台,,CNY
12606.31,13260.79,12552.06,13260.79,92913.15,600519.SH,2025-03-14,贵州茅台,,CNY
13496.93,13504.99,13251.59,13341.02,54689.13,600519.SH,2025-03-17,贵州茅台,,CNY
13399.51,13456.2,13209.4,13228.13,31613.45,600519.SH,2025-03-18,贵州茅台,,CNY
13230.49,13423.62,13219.98,13323.51,27389.55,600519.SH,2025-03-19,贵州茅台,,CNY
13323.51,13338.91,12992.48,13065.22,36736.77,600519.SH,2025-03-20,贵州茅台,,CNY
13024.49,13132.01,12778.75,12818.82,33614.3,600519.SH,2025-03-21,贵州茅台,,CNY
12788.28,12948.42,12726.21,12894.17,25565.85,600519.SH,2025-03-24,贵州茅台,,CNY
12934.9,12973.99,12761.07,12833.08,17674.38,600519.SH,2025-03-25,贵州茅台,,CNY
12810.84,12890.75,12796.42,12837.15,14323.56,600519.SH,2025-03-26,贵州茅台,,CNY
12837.15,13018.39,12815.81,12943.04,17955.63,600519.SH,2025-03-27,贵州茅台,,CNY
12958.76,12975.62,12837.15,12912.17,16227.89,600519.SH,2025-03-28,贵州茅台,,CNY
12877.71,12926.42,12707.31,12714.97,21084.94,600519.SH,2025-03-31,贵州茅台,,CNY
12739.41,12787.38,12643.37,12674.41,18556.44,600519.SH,2025-04-01,贵州茅台,,CNY
12690.53,12770.36,12588.72,12617.39,21674.01,600519.SH,2025-04-02,贵州茅台,,CNY
12462.46,12918.6,12454.4,12779.16,35480.5,600519.SH,2025-04-03,贵州茅台,,CNY
12381.09,12518.26,11908.57,12218.1,101952.67,600519.SH,2025-04-07,贵州茅台,,CNY
12323.99,12584.64,12177.37,12584.64,73876.49,600519.SH,2025-04-08,贵州茅台,,CNY
12421.9,12680.76,12385.49,12552.39,55630.04,600519.SH,2025-04-09,贵州茅台,,CNY
12633.43,12666.1,12446.17,12617.22,38620.21,600519.SH,2025-04-10,贵州茅台,,CNY
12869.49,12869.49,12584.64,12779.97,32634.23,600519.SH,2025-04-11,贵州茅台,,CNY
12714.73,12755.7,12637.83,12641.58,21711.44,600519.SH,2025-04-14,贵州茅台,,CNY
12641.66,12747.55,12584.64,12690.53,21489.28,600519.SH,2025-04-15,贵州茅台,,CNY
12641.66,12837.15,12519.48,12700.06,31156.05,600519.SH,2025-04-16,贵州茅台,,CNY
12657.95,12841.22,12625.29,12788.28,23846.05,600519.SH,2025-04-17,贵州茅台,,CNY
12755.7,12829.01,12674.24,12755.21,20298.48,600519.SH,2025-04-18,贵州茅台,,CNY
12751.62,12751.62,12633.52,12633.52,18057.03,600519.SH,2025-04-21,贵州茅台,,CNY
12625.37,12676.69,12570.06,12615.6,18432.14,600519.SH,2025-04-22,贵州茅台,,CNY
12698.68,12700.47,12584.64,12641.66,18668.76,600519.SH,2025-04-23,贵州茅台,,CNY
12641.66,12712.36,12617.06,12643.7,14871.81,600519.SH,2025-04-24,贵州茅台,,CNY
12683.2,12716.6,12625.37,12625.37,14764.9,600519.SH,2025-04-25,贵州茅台,,CNY
12641.66,12666.1,12597.68,12625.37,14659.72,600519.SH,2025-04-28,贵州茅台,,CNY
12625.37,12646.06,12478.92,12576.5,18921.8,600519.SH,2025-04-29,贵州茅台,,CNY
12625.29,12761.07,12595.23,12600.93,25754.25,600519.SH,2025-04-30,贵州茅台,,CNY
12698.68,12698.68,12579.19,12627.0,18300.26,600519.SH,2025-05-06,贵州茅台,,CNY
12788.28,12788.28,12627.0,12666.1,27462.21,600519.SH,2025-05-07,贵州茅台,,CNY
12649.81,12973.83,12623.99,12854.99,33481.06,600519.SH,2025-05-08,贵州茅台,,CNY
12861.51,13011.87,12829.41,12960.8,23671.9,600519.SH,2025-05-09,贵州茅台,,CNY
13016.35,13186.83,13005.03,13069.29,24735.33,600519.SH,2025-05-12,贵州茅台,,CNY
13105.3,13105.3,12911.35,12953.63,21258.29,600519.SH,2025-05-13,贵州茅台,,CNY
12951.19,13399.18,12936.36,13317.65,39460.12,600519.SH,2025-05-14,贵州茅台,,CNY
13316.1,13387.7,13229.19,13293.37,24732.85,600519.SH,2025-05-15,贵州茅台,,CNY
13309.5,13333.94,13147.73,13147.73,22935.22,600519.SH,2025-05-16,贵州茅台,,CNY
13000.06,13032.64,12819.88,12861.42,38062.83,600519.SH,2025-05-19,贵州茅台,,CNY
12869.73,12990.28,12829.82,12918.6,19521.53,600519.SH,2025-05-20,贵州茅台,,CNY
12910.46,12999.57,12877.63,12877.63,19794.64,600519.SH,2025-05-21,贵州茅台,,CNY
12877.8,12910.38,12789.09,12869.73,15090.24,600519.SH,2025-05-22,贵州茅台,,CNY
12830.63,12934.08,12801.8,12809.46,21537.0,600519.SH,2025-05-23,贵州茅台,,CNY
12788.28,12825.99,12584.64,12629.44,27086.53,600519.SH,2025-05-26,贵州茅台,,CNY
12633.52,12695.42,12572.51,12575.68,17752.13,600519.SH,2025-05-27,贵州茅台,,CNY
12576.42,12596.54,12486.9,12519.48,16265.68,600519.SH,2025-05-28,贵州茅台,,CNY
12543.92,12666.1,12478.75,12543.92,21859.58,600519.SH,2025-05-29,贵州茅台,,CNY
12545.14,12584.64,12342.24,12397.3,31239.18,600519.SH,2025-05-30,贵州茅台,,CNY
12283.34,12372.86,12258.99,12291.41,28979.18,600519.SH,2025-06-03,贵州茅台,,CNY
12303.63,12405.44,12293.2,12299.23,23008.09,600519.SH,2025-06-04,贵州茅台,,CNY
12332.14,12348.43,12236.02,12332.14,23213.66,600519.SH,2025-06-05,贵州茅台,,CNY
12330.51,12372.62,12242.54,12270.15,25023.07,600519.SH,2025-06-06,贵州茅台,,CNY
12258.99,12288.96,12101.46,12104.96,44958.67,600519.SH,2025-06-09,贵州茅台,,CNY
12104.06,12152.94,12012.84,12014.55,30492.2,600519.SH,2025-06-10,贵州茅台,,CNY
12029.13,12169.23,12023.42,12055.19,30892.82,600519.SH,2025-06-11,贵州茅台,,CNY
12055.19,12086.71,11844.23,11884.14,49903.61,600519.SH,2025-06-12,贵州茅台,,CNY
11765.3,11810.59,11607.68,11623.08,59113.25,600519.SH,2025-06-13,贵州茅台,,CNY
11413.33,11607.52,11413.17,11585.12,42887.87,600519.SH,2025-06-16,贵州茅台,,CNY
11566.47,11623.49,11502.77,11623.49,27231.51,600519.SH,2025-06-17,贵州茅台,,CNY
11729.38,11757.4,11574.69,11607.19,30760.99,600519.SH,2025-06-18,贵州茅台,,CNY
11615.34,11677.82,11543.5,11615.34,24500.72,600519.SH,2025-06-19,贵州茅台,,CNY
11595.63,11738.66,11568.1,11637.01,34815.81,600519.SH,2025-06-20,贵州茅台,,CNY
11566.47,11672.36,11445.75,11566.47,26723.31,600519.SH,2025-06-23,贵州茅台,,CNY
11593.76,11824.51,11593.76,11706.57,36311.51,600519.SH,2025-06-24,贵州茅台,,CNY
11722.13,11804.31,11570.62,11695.65,41050.07,600519.SH,2025-06-25,贵州茅台,,CNY
11751.57,11859.54,11710.71,11793.1,34860.25,600519.SH,2025-06-26,贵州茅台,,CNY
11793.18,11818.01,11652.66,11652.66,38249.73,600519.SH,2025-06-27,贵州茅台,,CNY
11656.07,11736.88,11643.61,11706.06,30457.3,600519.SH,2025-06-30,贵州茅台,,CNY
11701.74,11726.16,11654.49,11669.36,19878.19,600519.SH,2025-07-01,贵州茅台,,CNY
11705.9,11749.91,11627.0,11706.73,26218.25,600519.SH,2025-07-02,贵州茅台,,CNY
11726.66,11815.44,11693.44,11756.56,24412.67,600519.SH,2025-07-03,贵州茅台,,CNY
11757.39,11891.85,11710.13,11811.54,28766.91,600519.SH,2025-07-04,贵州茅台,,CNY
11812.04,11822.17,11710.13,11715.86,23854.67,600519.SH,2025-07-07,贵州茅台,,CNY
11715.95,11793.1,11715.86,11760.79,18673.7,600519.SH,2025-07-08,贵州茅台,,CNY
11751.57,11875.9,11744.68,11783.8,27745.32,600519.SH,2025-07-09,贵州茅台,,CNY
11784.55,11927.47,11713.37,11847.08,38725.03,600519.SH,2025-07-10,贵州茅台,,CNY
11819.34,12108.69,11819.34,11851.23,57243.35,600519.SH,2025-07-11,贵州茅台,,CNY
11876.15,11917.51,11806.39,11823.0,27780.94,600519.SH,2025-07-14,贵州茅台,,CNY
11801.24,11817.43,11696.1,11718.35,35405.78,600519.SH,2025-07-15,贵州茅台,,CNY
11710.13,11772.25,11709.63,11718.6,21286.05,600519.SH,2025-07-16,贵州茅台,,CNY
11743.1,11818.1,11733.97,11762.79,23105.54,600519.SH,2025-07-17,贵州茅台,,CNY
11793.1,11941.01,11763.04,11934.28,41823.41,600519.SH,2025-07-18,贵州茅台,,CNY
11934.2,12015.67,11917.67,11984.11,26203.31,600519.SH,2025-07-21,贵州茅台,,CNY
11992.42,12180.11,11964.85,12166.66,42118.98,600519.SH,2025-07-22,贵州茅台,,CNY
12200.05,12415.98,12199.63,12254.03,45044.84,600519.SH,2025-07-23,贵州茅台,,CNY
12258.18,12449.19,12249.88,12386.91,38803.64,600519.SH,2025-07-24,贵州茅台,,CNY
12386.08,12386.08,12067.16,12083.77,41911.26,600519.SH,2025-07-25,贵州茅台,,CNY
12067.16,12083.69,11928.47,11948.07,38586.32,600519.SH,2025-07-28,贵州茅台,,CNY
11955.88,12032.2,11917.76,11950.9,26304.08,600519.SH,2025-07-29,贵州茅台,,CNY
11992.42,12101.71,11934.28,12037.6,31867.71,600519.SH,2025-07-30,贵州茅台,,CNY
11984.11,11999.65,11776.49,11806.97,51797.51,600519.SH,2025-07-31,贵州茅台,,CNY
11808.63,11842.6,11743.27,11768.18,29635.59,600519.SH,2025-08-01,贵州茅台,,CNY
11751.57,11791.44,11743.27,11784.8,18687.95,600519.SH,2025-08-04,贵州茅台,,CNY
11801.4,11875.65,11769.1,11857.38,25342.27,600519.SH,2025-08-05,贵州茅台,,CNY
11867.84,11867.84,11787.29,11825.32,23699.28,600519.SH,2025-08-06,贵州茅台,,CNY
11825.32,11857.05,11793.6,11812.62,28001.34,600519.SH,2025-08-07,贵州茅台,,CNY
11818.43,11847.08,11776.49,11801.16,18655.28,600519.SH,2025-08-08,贵州茅台,,CNY
11822.17,12058.78,11818.01,12000.73,47159.07,600519.SH,2025-08-11,贵州茅台,,CNY
12033.94,12167.41,11925.98,11934.62,42019.23,600519.SH,2025-08-12,贵州茅台,,CNY
11834.62,11906.71,11793.1,11793.52,65527.54,600519.SH,2025-08-13,贵州茅台,,CNY
11800.91,12021.57,11800.91,11851.15,48129.3,600519.SH,2025-08-14,贵州茅台,,CNY
11843.01,11865.02,11794.93,11810.37,47581.65,600519.SH,2025-08-15,贵州茅台,,CNY
11851.15,11931.3,11818.85,11863.69,47377.98,600519.SH,2025-08-18,贵州茅台,,CNY
11905.22,12014.51,11892.76,11942.59,46371.86,600519.SH,2025-08-19,贵州茅台,,CNY
11942.59,12065.5,11876.32,12042.25,45804.66,600519.SH,2025-08-20,贵州茅台,,CNY
12070.9,12083.69,11989.51,12027.72,30890.57,600519.SH,2025-08-21,贵州茅台,,CNY
12032.95,12158.52,11998.81,12158.1,44970.58,600519.SH,2025-08-22,贵州茅台,,CNY
12208.43,12424.28,12175.13,12377.19,65324.55,600519.SH,2025-08-25,贵州茅台,,CNY
12377.11,12409.58,12291.48,12304.77,39602.13,600519.SH,2025-08-26,贵州茅台,,CNY
12307.01,12332.34,12025.64,12025.64,56006.09,600519.SH,2025-08-27,贵州茅台,,CNY
12025.39,12092.91,11948.98,12009.86,39281.77,600519.SH,2025-08-28,贵州茅台,,CNY
12067.16,12312.83,12058.86,12291.4,62256.48,600519.SH,2025-08-29,贵州茅台,,CNY
12309.67,12357.84,12172.64,12259.01,45123.38,600519.SH,2025-09-01,贵州茅台,,CNY
12280.27,12532.24,12274.79,12385.25,56688.37,600519.SH,2025-09-02,贵州茅台,,CNY
12382.75,12486.57,12175.13,12295.97,45045.03,600519.SH,2025-09-03,贵州茅台,,CNY
12224.96,12285.59,12129.2,12230.44,47746.76,600519.SH,2025-09-04,贵州茅台,,CNY
12216.65,12349.29,12158.52,12316.31,37388.48,600519.SH,2025-09-05,贵州茅台,,CNY
12316.31,12510.98,12270.64,12467.72,51382.98,600519.SH,2025-09-08,贵州茅台,,CNY
12499.02,12540.13,12402.85,12499.02,35742.77,600519.SH,2025-09-09,贵州茅台,,CNY
12512.81,12706.23,12424.28,12640.29,49663.31,600519.SH,2025-09-10,贵州茅台,,CNY
12640.29,12673.6,12528.09,12652.67,37238.96,600519.SH,2025-09-11,贵州茅台,,CNY
12673.43,12773.26,12544.95,12590.38,33722.09,600519.SH,2025-09-12,贵州茅台,,CNY
12589.3,12602.67,12469.96,12582.91,25827.03,600519.SH,2025-09-15,贵州茅台,,CNY
12582.91,12631.82,12426.02,12457.33,32717.89,600519.SH,2025-09-16,贵州茅台,,CNY
12457.42,12542.88,12374.53,12399.36,30330.54,600519.SH,2025-09-17,贵州茅台,,CNY
12391.06,12439.23,12154.37,12191.41,49721.25,600519.SH,2025-09-18,贵州茅台,,CNY
12191.66,12254.03,12100.47,12191.49,32636.62,600519.SH,2025-09-19,贵州茅台,,CNY
12167.57,12191.49,12042.33,12070.07,34947.08,600519.SH,2025-09-22,贵州茅台,,CNY
12046.4,12104.54,11959.2,12020.82,38663.0,600519.SH,2025-09-23,贵州茅台,,CNY
11909.95,12098.56,11909.95,11975.81,30743.5,600519.SH,2025-09-24,贵州茅台,,CNY
11982.7,12002.47,11925.98,11950.9,33869.73,600519.SH,2025-09-25,贵州茅台,,CNY
11969.0,12018.25,11859.62,11917.67,45120.71,600519.SH,2025-09-26,贵州茅台,,CNY
11954.05,12208.27,11917.67,12132.44,53684.03,600519.SH,2025-09-29,贵州茅台,,CNY
12125.3,12131.61,11959.2,11992.34,39363.62,600519.SH,2025-09-30,贵州茅台,,CNY
11925.98,11954.05,11793.1,11932.46,54918.12,600519.SH,2025-10-09,贵州茅台,,CNY
11939.27,11958.7,11855.39,11876.15,36001.44,600519.SH,2025-10-10,贵州茅台,,CNY
11757.39,11816.77,11752.57,11786.46,46068.8,600519.SH,2025-10-13,贵州茅台,,CNY
11876.07,12158.52,11876.07,12050.72,66672.33,600519.SH,2025-10-14,贵州茅台,,CNY
12050.39,12150.22,12001.39,12141.91,42785.4,600519.SH,2025-10-15,贵州茅台,,CNY
12141.25,12332.51,12116.0,12332.18,45730.15,600519.SH,2025-10-16,贵州茅台,,CNY
12317.15,12357.84,12075.72,12083.77,38085.89,600519.SH,2025-10-17,贵州茅台,,CNY
12083.77,12204.2,12082.78,12108.11,25949.88,600519.SH,2025-10-20,贵州茅台,,CNY
12116.99,12207.85,12087.93,12144.07,25442.67,600519.SH,2025-10-21,贵州茅台,,CNY
12142.57,12172.89,12092.08,12114.5,18194.92,600519.SH,2025-10-22,贵州茅台,,CNY
12083.77,12198.38,12019.0,12191.57,29322.35,600519.SH,2025-10-23,贵州茅台,,CNY
12191.32,12282.1,12036.77,12042.25,38225.83,600519.SH,2025-10-24,贵州茅台,,CNY
11959.2,12062.93,11925.9,11962.61,37102.39,600519.SH,2025-10-27,贵州茅台,,CNY
11975.81,12052.22,11968.34,12000.73,27124.33,600519.SH,2025-10-28,贵州茅台,,CNY
11959.37,12013.6,11876.48,11891.93,33937.11,600519.SH,2025-10-29,贵州茅台,,CNY
11808.13,11931.21,11808.13,11849.08,47456.1,600519.SH,2025-10-30,贵州茅台,,CNY
11809.71,11925.81,11794.01,11876.23,35693.77,600519.SH,2025-10-31,贵州茅台,,CNY
11884.45,12025.64,11793.93,11917.67,34547.66,600519.SH,2025-11-03,贵州茅台,,CNY
11918.51,11924.15,11824.49,11867.84,26565.72,600519.SH,2025-11-04,贵州茅台,,CNY
11842.02,11884.37,11793.18,11793.76,34475.27,600519.SH,2025-11-05,贵州茅台,,CNY
11876.15,11971.24,11876.07,11918.75,38347.82,600519.SH,2025-11-06,贵州茅台,,CNY
11918.59,11957.37,11885.37,11903.81,18861.39,600519.SH,2025-11-07,贵州茅台,,CNY
11917.67,12155.95,11917.51,12144.4,49451.54,600519.SH,2025-11-10,贵州茅台,,CNY
12141.91,12143.4,12017.33,12116.91,26691.56,600519.SH,2025-11-11,贵州茅台,,CNY
12125.13,12277.78,12118.74,12168.07,32992.1,600519.SH,2025-11-12,贵州茅台,,CNY
12142.91,12238.08,12108.69,12211.51,31179.23,600519.SH,2025-11-13,贵州茅台,,CNY
12208.35,12282.68,12094.57,12097.06,27473.06,600519.SH,2025-11-14,贵州茅台,,CNY
12075.47,12233.26,12007.29,12216.65,34462.21,600519.SH,2025-11-17,贵州茅台,,CNY
12214.16,12341.81,12200.05,12258.18,34204.78,600519.SH,2025-11-18,贵州茅台,,CNY
12241.57,12287.5,12208.02,12216.74,22045.37,600519.SH,2025-11-19,贵州茅台,,CNY
12224.96,12290.57,12167.07,12184.35,24002.32,600519.SH,2025-11-20,贵州茅台,,CNY
12212.5,12291.4,12092.08,12180.11,42607.2,600519.SH,2025-11-21,贵州茅台,,CNY
12183.43,12216.65,12051.63,12058.86,33607.44,600519.SH,2025-11-24,贵州茅台,,CNY
12108.69,12108.69,11996.57,11997.82,28440.69,600519.SH,2025-11-25,贵州茅台,,CNY
12032.95,12071.23,11988.93,12035.19,20306.16,600519.SH,2025-11-26,贵州茅台,,CNY
12038.1,12042.25,11951.23,12019.83,22286.89,600519.SH,2025-11-27,贵州茅台,,CNY
12013.18,12087.93,11984.11,12046.4,23211.21,600519.SH,2025-11-28,贵州茅台,,CNY
12050.56,12144.15,11975.81,12025.64,27333.42,600519.SH,2025-12-01,贵州茅台,,CNY
12025.64,12058.2,11917.84,11926.23,25047.26,600519.SH,2025-12-02,贵州茅台,,CNY
11924.4,11925.73,11859.54,11868.68,23572.79,600519.SH,2025-12-03,贵州茅台,,CNY
11868.68,11896.91,11779.65,11826.15,29075.39,600519.SH,2025-12-04,贵州茅台,,CNY
11826.15,11901.81,11788.95,11876.23,25401.66,600519.SH,2025-12-05,贵州茅台,,CNY
11869.51,11931.54,11776.49,11778.32,33602.8,600519.SH,2025-12-08,贵州茅台,,CNY
11778.4,11801.4,11627.42,11635.39,42634.43,600519.SH,2025-12-09,贵州茅台,,CNY
11627.0,11650.25,11487.31,11650.25,33133.47,600519.SH,2025-12-10,贵州茅台,,CNY
11682.31,11726.58,11639.87,11726.58,22385.01,600519.SH,2025-12-11,贵州茅台,,CNY
11776.49,11834.62,11739.7,11798.5,37159.19,600519.SH,2025-12-12,贵州茅台,,CNY
11955.79,11959.12,11839.36,11842.93,33358.79,600519.SH,2025-12-15,贵州茅台,,CNY
11844.59,11866.02,11751.57,11809.71,23963.67,600519.SH,2025-12-16,贵州茅台,,CNY
11834.62,11958.7,11773.83,11901.9,31382.49,600519.SH,2025-12-17,贵州茅台,,CNY
11905.22,11949.9,11843.84,11884.45,17829.95,600519.SH,2025-12-18,贵州茅台,,CNY
11909.42,11930.12,11833.49,11909.42,26508.68,600519.SH,2025-12-19,贵州茅台,,CNY
11909.42,11944.39,11880.54,11894.73,20425.65,600519.SH,2025-12-22,贵州茅台,,CNY
11894.73,11934.17,11801.23,11891.35,24506.81,600519.SH,2025-12-23,贵州茅台,,CNY
11867.11,11878.68,11824.96,11832.56,25186.69,600519.SH,2025-12-24,贵州茅台,,CNY
11867.19,11989.5,11836.62,11944.65,23386.21,600519.SH,2025-12-25,贵州茅台,,CNY
11944.65,11986.62,11909.42,11944.31,17802.99,600519.SH,2025-12-26,贵州茅台,,CNY
11944.31,11944.31,11833.41,11841.85,26308.1,600519.SH,2025-12-29,贵州茅台,,CNY
11833.41,11841.01,11706.71,11738.13,33791.94,600519.SH,2025-12-30,贵州茅台,,CNY
11740.5,11774.28,11632.13,11632.21,34765.63,600519.SH,2025-12-31,贵州茅台,,CNY
11698.26,12094.23,11698.26,12044.57,70949.42,600519.SH,2026-01-05,贵州茅台,,CNY
12099.89,12137.22,11964.58,12061.54,39586.18,600519.SH,2026-01-06,贵州茅台,,CNY
12102.68,12120.58,11995.58,12022.27,29683.8,600519.SH,2026-01-07,贵州茅台,,CNY
12022.01,12022.27,11893.71,11928.85,29134.54,600519.SH,2026-01-08,贵州茅台,,CNY
11968.55,12066.53,11960.19,11986.29,29847.74,600519.SH,2026-01-09,贵州茅台,,CNY
11986.29,12086.8,11969.39,12021.17,36082.66,600519.SH,2026-01-12,贵州茅台,,CNY
12051.24,12074.3,11900.89,11917.87,39168.66,600519.SH,2026-01-13,贵州茅台,,CNY
11917.87,12012.89,11792.69,11808.15,51757.97,600519.SH,2026-01-14,贵州茅台,,CNY
11791.34,11848.86,11728.5,11731.12,40907.14,600519.SH,2026-01-15,贵州茅台,,CNY
11782.73,11803.84,11656.03,11672.92,55120.68,600519.SH,2026-01-16,贵州茅台,,CNY
11672.08,11719.3,11613.8,11622.25,42286.4,600519.SH,2026-01-19,贵州茅台,,CNY
11651.81,11669.38,11588.88,11601.55,36484.43,600519.SH,2026-01-20,贵州茅台,,CNY
11601.64,11608.73,11402.64,11411.59,64516.25,600519.SH,2026-01-21,贵州茅台,,CNY
11419.62,11501.97,11296.89,11318.68,59010.89,600519.SH,2026-01-22,贵州茅台,,CNY
11319.02,11385.75,11254.57,11292.84,61948.9,600519.SH,2026-01-23,贵州茅台,,CNY
11322.48,11444.87,11192.49,11335.07,80166.06,600519.SH,2026-01-26,贵州茅台,,CNY
11360.24,11433.89,11301.28,11343.6,48415.96,600519.SH,2026-01-27,贵州茅台,,CNY
11343.85,11374.85,11166.23,11180.42,76218.01,600519.SH,2026-01-28,贵州茅台,,CNY
11275.94,12205.05,11225.77,12143.56,189534.4,600519.SH,2026-01-29,贵州茅台,,CNY
12120.58,12120.58,11833.41,11833.41,94479.74,600519.SH,2026-01-30,贵州茅台,,CNY
12036.12,12319.75,11923.11,12053.01,85724.27,600519.SH,2026-02-02,贵州茅台,,CNY
12205.05,12473.73,12188.41,12457.76,86320.66,600519.SH,2026-02-03,贵州茅台,,CNY
12542.9,12950.61,12449.99,12880.76,109122.93,600519.SH,2026-02-04,贵州茅台,,CNY
12838.53,13218.62,12796.3,13134.15,91622.74,600519.SH,2026-02-05,贵州茅台,,CNY
13134.15,13243.96,12719.26,12796.38,78965.38,600519.SH,2026-02-06,贵州茅台,,CNY
12821.64,13031.78,12783.54,12880.42,51168.46,600519.SH,2026-02-09,贵州茅台,,CNY
12880.51,12880.51,12640.04,12710.14,39575.96,600519.SH,2026-02-10,贵州茅台,,CNY
12710.14,12787.85,12635.81,12706.17,30928.46,600519.SH,2026-02-11,贵州茅台,,CNY
12671.29,12693.42,12444.59,12556.42,46245.82,600519.SH,2026-02-12,贵州茅台,,CNY
12556.42,12735.48,12421.11,12545.44,41679.01,600519.SH,2026-02-13,贵州茅台,,CNY
12846.97,12875.69,12362.15,12389.18,41912.53,600519.SH,2026-02-24,贵州茅台,,CNY
12416.21,12751.19,12398.3,12599.16,36880.67,600519.SH,2026-02-25,贵州茅台,,CNY
12556.42,12580.83,12371.19,12384.2,32958.01,600519.SH,2026-02-26,贵州茅台,,CNY
12390.78,12468.66,12289.68,12289.68,32160.16,600519.SH,2026-02-27,贵州茅台,,CNY
12247.28,12306.4,12134.61,12163.75,35453.86,600519.SH,2026-03-02,贵州茅台,,CNY
12163.66,12271.52,12011.88,12046.17,45890.86,600519.SH,2026-03-03,贵州茅台,,CNY
11951.66,12019.23,11758.15,11834.93,48014.43,600519.SH,2026-03-04,贵州茅台,,CNY
11875.64,11934.43,11782.73,11816.85,30505.24,600519.SH,2026-03-05,贵州茅台,,CNY
11782.73,11888.31,11723.6,11841.85,29154.15,600519.SH,2026-03-06,贵州茅台,,CNY
11740.5,11866.35,11683.06,11799.62,37441.62,600519.SH,2026-03-09,贵州茅台,,CNY
11866.35,11905.12,11808.07,11840.84,24625.92,600519.SH,2026-03-10,贵州茅台,,CNY
11850.21,11875.55,11808.24,11824.96,24456.73,600519.SH,2026-03-11,贵州茅台,,CNY
11782.73,11858.32,11749.03,11757.39,27586.46,600519.SH,2026-03-12,贵州茅台,,CNY
11761.44,11973.79,11757.39,11940.17,33607.83,600519.SH,2026-03-13,贵州茅台,,CNY
11993.89,12382.42,11993.89,12333.26,60086.35,600519.SH,2026-03-16,贵州茅台,,CNY
12399.32,12653.3,12341.8,12542.9,49453.61,600519.SH,2026-03-17,贵州茅台,,CNY
12576.69,12640.04,12358.35,12406.07,35551.0,600519.SH,2026-03-18,贵州茅台,,CNY
12441.21,12441.55,12213.49,12271.52,30318.59,600519.SH,2026-03-19,贵州茅台,,CNY
12272.28,12352.86,12154.37,12205.05,26132.34,600519.SH,2026-03-20,贵州茅台,,CNY
12106.48,12120.58,11825.21,11893.12,47255.89,600519.SH,2026-03-23,贵州茅台,,CNY
11960.1,11973.53,11826.48,11886.87,28561.79,600519.SH,2026-03-24,贵州茅台,,CNY
11910.35,11975.9,11833.49,11911.7,26093.46,600519.SH,2026-03-25,贵州茅台,,CNY
11900.98,11942.36,11827.49,11834.93,23092.89,600519.SH,2026-03-26,贵州茅台,,CNY
11824.96,12044.57,11796.75,11960.27,30087.11,600519.SH,2026-03-27,贵州茅台,,CNY
11884.08,12086.8,11846.24,11993.89,28684.59,600519.SH,2026-03-30,贵州茅台,,CNY
12399.32,12500.08,12233.85,12247.28,61690.66,600519.SH,2026-03-31,贵州茅台,,CNY
12369.67,12416.12,12271.61,12327.01,29125.14,600519.SH,2026-04-01,贵州茅台,,CNY
12327.01,12372.96,12265.02,12330.73,21064.37,600519.SH,2026-04-02,贵州茅台,,CNY
12327.86,12415.87,12289.51,12331.74,20193.73,600519.SH,2026-04-03,贵州茅台,,CNY
12332.17,12416.21,12121.01,12162.98,24152.18,600519.SH,2026-04-07,贵州茅台,,CNY
12331.74,12408.44,12265.27,12374.14,33836.1,600519.SH,2026-04-08,贵州茅台,,CNY
12374.14,12374.14,12226.16,12335.88,20704.76,600519.SH,2026-04-09,贵州茅台,,CNY
12324.48,12329.29,12172.11,12280.73,28865.56,600519.SH,2026-04-10,贵州茅台,,CNY
12196.6,12217.72,12103.69,12190.77,25213.64,600519.SH,2026-04-13,贵州茅台,,CNY
12184.78,12235.46,12120.58,12221.1,24232.61,600519.SH,2026-04-14,贵州茅台,,CNY
12204.88,12422.88,12179.71,12395.09,34553.48,600519.SH,2026-04-15,贵州茅台,,CNY
12394.67,12478.8,12331.74,12355.73,24512.84,600519.SH,2026-04-16,贵州茅台,,CNY
11824.96,12002.33,11823.86,11886.11,96824.99,600519.SH,2026-04-17,贵州茅台,,CNY
11850.3,11942.7,11824.96,11916.94,36451.39,600519.SH,2026-04-20,贵州茅台,,CNY
11917.87,11993.04,11909.42,11926.4,21754.27,600519.SH,2026-04-21,贵州茅台,,CNY
11951.66,11985.44,11867.02,11905.2,26915.93,600519.SH,2026-04-22,贵州茅台,,CNY
11892.53,11991.35,11868.04,11985.44,37701.09,600519.SH,2026-04-23,贵州茅台,,CNY
11935.61,12322.28,11935.61,12318.99,55455.31,600519.SH,2026-04-24,贵州茅台,,CNY
11993.89,11993.89,11843.54,11851.99,72797.74,600519.SH,2026-04-27,贵州茅台,,CNY
11841.85,11904.27,11825.89,11867.19,34004.42,600519.SH,2026-04-28,贵州茅台,,CNY
11867.19,11907.31,11827.32,11834.84,34813.13,600519.SH,2026-04-29,贵州茅台,,CNY
11824.96,11834.84,11656.03,11696.49,52752.67,600519.SH,2026-04-30,贵州茅台,,CNY
11530.18,11647.59,11487.53,11613.8,47806.04,600519.SH,2026-05-06,贵州茅台,,CNY
11613.8,11723.6,11571.65,11580.44,40461.47,600519.SH,2026-05-07,贵州茅台,,CNY
11585.59,11679.43,11571.57,11596.82,33368.53,600519.SH,2026-05-08,贵州茅台,,CNY
11595.98,11595.98,11495.55,11498.34,57135.1,600519.SH,2026-05-11,贵州茅台,,CNY
11504.0,11517.34,11406.86,11441.07,50837.43,600519.SH,2026-05-12,贵州茅台,,CNY
11440.65,11475.28,11301.28,11352.72,56967.87,600519.SH,2026-05-13,贵州茅台,,CNY
11301.28,11563.63,11277.46,11336.5,55244.34,600519.SH,2026-05-14,贵州茅台,,CNY
11277.21,11312.09,11209.3,11258.63,58183.65,600519.SH,2026-05-15,贵州茅台,,CNY
11284.39,11340.81,11145.95,11174.59,49660.97,600519.SH,2026-05-18,贵州茅台,,CNY
11165.3,11233.63,11132.36,11185.57,43254.64,600519.SH,2026-05-19,贵州茅台,,CNY
11157.69,11258.97,11098.57,11107.02,47487.33,600519.SH,2026-05-20,贵州茅台,,CNY
11089.95,11178.98,11073.23,11073.23,38868.38,600519.SH,2026-05-21,贵州茅台,,CNY
11072.81,11080.92,10896.87,10897.55,49157.14,600519.SH,2026-05-22,贵州茅台,,CNY
